combo_id,part,equipment_id,count,need
10001,武器,776b4c4a-7e5e-41e4-8a76-718baccd8ae3,2,
10001,武器,d6982689-f2f3-4ece-b67d-b2a31839503a,2,
10001,武器,458481dc-3a0b-4d88-9c9b-9b0c8d567fe3,2,
10001,武器,f19109a7-798f-4913-82fe-75e1d4c977bc,2,
10001,武器,16d7df75-f5d7-4a91-91cc-90049b94b287,2,
10001,武器,7f043bb3-422c-45f6-bdbd-3ab861084bae,2,
10001,武器,be46b7a3-64c4-4780-b810-51a8ad84df38,2,
10001,武器,e540af7b-a3fa-487d-9d3c-a09a7a48e1ac,2,
10001,武器,9bcab852-c4e3-4ec7-9833-caec947727df,2,
10001,武器,8644714d-df79-48f1-974d-e16fdaefe44e,2,
10001,武器,a4fe3489-929a-4c91-a9b6-f122d9e9615d,2,
10001,武器,2ff6cb0c-dab5-4ee7-84c7-d88cef1fb369,2,
10001,武器,07cc6eaf-f9f4-4882-b5bb-b2316fcb7c86,2,
10001,武器,17b57a56-f97d-40be-b2b1-20663b9f4bfe,2,
10001,武器,323adf52-72fd-4638-8ba2-351ad5ce6045,2,
10001,武器,28d60d59-a07e-4d48-9590-ec77b7294b77,2,
10001,武器,6f2e6a31-ddd2-46a9-9002-346104be3247,2,
10001,盾,e3358b47-5a60-43f7-bd0b-71a9b10ce2b1,2,
10001,盾,3a297841-49f3-4656-b701-dbcea7a72048,2,
10001,盾,9cc99be5-4636-45ac-8a0b-e232aa4f3341,2,
10002,武器,776b4c4a-7e5e-41e4-8a76-718baccd8ae3,2,
10002,武器,d6982689-f2f3-4ece-b67d-b2a31839503a,2,
10002,武器,458481dc-3a0b-4d88-9c9b-9b0c8d567fe3,2,
10002,武器,f19109a7-798f-4913-82fe-75e1d4c977bc,2,
10002,武器,16d7df75-f5d7-4a91-91cc-90049b94b287,2,
10002,武器,7f043bb3-422c-45f6-bdbd-3ab861084bae,2,
10002,武器,be46b7a3-64c4-4780-b810-51a8ad84df38,2,
10002,武器,e540af7b-a3fa-487d-9d3c-a09a7a48e1ac,2,
10002,武器,9bcab852-c4e3-4ec7-9833-caec947727df,2,
10002,武器,8644714d-df79-48f1-974d-e16fdaefe44e,2,
10002,武器,a4fe3489-929a-4c91-a9b6-f122d9e9615d,2,
10002,武器,2ff6cb0c-dab5-4ee7-84c7-d88cef1fb369,2,
10002,武器,07cc6eaf-f9f4-4882-b5bb-b2316fcb7c86,2,
10002,武器,17b57a56-f97d-40be-b2b1-20663b9f4bfe,2,
10002,武器,323adf52-72fd-4638-8ba2-351ad5ce6045,2,
10002,武器,28d60d59-a07e-4d48-9590-ec77b7294b77,2,
10002,武器,6f2e6a31-ddd2-46a9-9002-346104be3247,2,
10002,盾,e3358b47-5a60-43f7-bd0b-71a9b10ce2b1,2,
10002,盾,3a297841-49f3-4656-b701-dbcea7a72048,2,
10002,盾,9cc99be5-4636-45ac-8a0b-e232aa4f3341,2,
10002,頭,9176d679-24a0-4ced-9933-21525a241744,2,
10002,背,759df54f-3cea-47ca-9f3e-ac0e0e12fc3c,2,
10002,靴,a5dd10e5-d387-40e5-a062-e0c1701fd16a,2,
10002,手,92f028f5-7d9b-4ebb-a945-ac677dececbc,2,
10002,首,a164240c-9edc-4148-a8de-a4078582085f,2,
10002,服,f4d9e25b-faec-4a8e-8364-9eddcd54ce28,2,
10002,服,49ee61df-04cd-484b-bd35-19168c1cb744,2,
10003,武器,776b4c4a-7e5e-41e4-8a76-718baccd8ae3,3,
10003,武器,d6982689-f2f3-4ece-b67d-b2a31839503a,3,
10003,武器,458481dc-3a0b-4d88-9c9b-9b0c8d567fe3,3,
10003,武器,f19109a7-798f-4913-82fe-75e1d4c977bc,3,
10003,武器,16d7df75-f5d7-4a91-91cc-90049b94b287,3,
10003,武器,7f043bb3-422c-45f6-bdbd-3ab861084bae,3,
10003,武器,be46b7a3-64c4-4780-b810-51a8ad84df38,3,
10003,武器,e540af7b-a3fa-487d-9d3c-a09a7a48e1ac,3,
10003,武器,9bcab852-c4e3-4ec7-9833-caec947727df,3,
10003,武器,8644714d-df79-48f1-974d-e16fdaefe44e,3,
10003,武器,a4fe3489-929a-4c91-a9b6-f122d9e9615d,3,
10003,武器,2ff6cb0c-dab5-4ee7-84c7-d88cef1fb369,3,
10003,武器,07cc6eaf-f9f4-4882-b5bb-b2316fcb7c86,3,
10003,武器,17b57a56-f97d-40be-b2b1-20663b9f4bfe,3,
10003,武器,323adf52-72fd-4638-8ba2-351ad5ce6045,3,
10003,武器,28d60d59-a07e-4d48-9590-ec77b7294b77,3,
10003,武器,6f2e6a31-ddd2-46a9-9002-346104be3247,3,
10003,盾,e3358b47-5a60-43f7-bd0b-71a9b10ce2b1,3,
10003,盾,3a297841-49f3-4656-b701-dbcea7a72048,3,
10003,盾,9cc99be5-4636-45ac-8a0b-e232aa4f3341,3,
10003,頭,9176d679-24a0-4ced-9933-21525a241744,3,
10003,背,759df54f-3cea-47ca-9f3e-ac0e0e12fc3c,3,
10003,靴,a5dd10e5-d387-40e5-a062-e0c1701fd16a,3,
10003,手,92f028f5-7d9b-4ebb-a945-ac677dececbc,3,
10003,首,a164240c-9edc-4148-a8de-a4078582085f,3,
10003,服,f4d9e25b-faec-4a8e-8364-9eddcd54ce28,3,
10003,服,49ee61df-04cd-484b-bd35-19168c1cb744,3,
10004,武器,776b4c4a-7e5e-41e4-8a76-718baccd8ae3,4,
10004,武器,d6982689-f2f3-4ece-b67d-b2a31839503a,4,
10004,武器,458481dc-3a0b-4d88-9c9b-9b0c8d567fe3,4,
10004,武器,f19109a7-798f-4913-82fe-75e1d4c977bc,4,
10004,武器,16d7df75-f5d7-4a91-91cc-90049b94b287,4,
10004,武器,7f043bb3-422c-45f6-bdbd-3ab861084bae,4,
10004,武器,be46b7a3-64c4-4780-b810-51a8ad84df38,4,
10004,武器,e540af7b-a3fa-487d-9d3c-a09a7a48e1ac,4,
10004,武器,9bcab852-c4e3-4ec7-9833-caec947727df,4,
10004,武器,8644714d-df79-48f1-974d-e16fdaefe44e,4,
10004,武器,a4fe3489-929a-4c91-a9b6-f122d9e9615d,4,
10004,武器,2ff6cb0c-dab5-4ee7-84c7-d88cef1fb369,4,
10004,武器,07cc6eaf-f9f4-4882-b5bb-b2316fcb7c86,4,
10004,武器,17b57a56-f97d-40be-b2b1-20663b9f4bfe,4,
10004,武器,323adf52-72fd-4638-8ba2-351ad5ce6045,4,
10004,武器,28d60d59-a07e-4d48-9590-ec77b7294b77,4,
10004,武器,6f2e6a31-ddd2-46a9-9002-346104be3247,4,
10004,盾,e3358b47-5a60-43f7-bd0b-71a9b10ce2b1,4,
10004,盾,3a297841-49f3-4656-b701-dbcea7a72048,4,
10004,盾,9cc99be5-4636-45ac-8a0b-e232aa4f3341,4,
10004,頭,9176d679-24a0-4ced-9933-21525a241744,4,
10004,背,759df54f-3cea-47ca-9f3e-ac0e0e12fc3c,4,
10004,靴,a5dd10e5-d387-40e5-a062-e0c1701fd16a,4,
10004,手,92f028f5-7d9b-4ebb-a945-ac677dececbc,4,
10004,首,a164240c-9edc-4148-a8de-a4078582085f,4,
10004,服,f4d9e25b-faec-4a8e-8364-9eddcd54ce28,4,
10004,服,49ee61df-04cd-484b-bd35-19168c1cb744,4,
10005,武器,776b4c4a-7e5e-41e4-8a76-718baccd8ae3,5,
10005,武器,d6982689-f2f3-4ece-b67d-b2a31839503a,5,
10005,武器,458481dc-3a0b-4d88-9c9b-9b0c8d567fe3,5,
10005,武器,f19109a7-798f-4913-82fe-75e1d4c977bc,5,
10005,武器,16d7df75-f5d7-4a91-91cc-90049b94b287,5,
10005,武器,7f043bb3-422c-45f6-bdbd-3ab861084bae,5,
10005,武器,be46b7a3-64c4-4780-b810-51a8ad84df38,5,
10005,武器,e540af7b-a3fa-487d-9d3c-a09a7a48e1ac,5,
10005,武器,9bcab852-c4e3-4ec7-9833-caec947727df,5,
10005,武器,8644714d-df79-48f1-974d-e16fdaefe44e,5,
10005,武器,a4fe3489-929a-4c91-a9b6-f122d9e9615d,5,
10005,武器,2ff6cb0c-dab5-4ee7-84c7-d88cef1fb369,5,
10005,武器,07cc6eaf-f9f4-4882-b5bb-b2316fcb7c86,5,
10005,武器,17b57a56-f97d-40be-b2b1-20663b9f4bfe,5,
10005,武器,323adf52-72fd-4638-8ba2-351ad5ce6045,5,
10005,武器,28d60d59-a07e-4d48-9590-ec77b7294b77,5,
10005,武器,6f2e6a31-ddd2-46a9-9002-346104be3247,5,
10005,盾,e3358b47-5a60-43f7-bd0b-71a9b10ce2b1,5,
10005,盾,3a297841-49f3-4656-b701-dbcea7a72048,5,
10005,盾,9cc99be5-4636-45ac-8a0b-e232aa4f3341,5,
10005,頭,9176d679-24a0-4ced-9933-21525a241744,5,
10005,背,759df54f-3cea-47ca-9f3e-ac0e0e12fc3c,5,
10005,靴,a5dd10e5-d387-40e5-a062-e0c1701fd16a,5,
10005,手,92f028f5-7d9b-4ebb-a945-ac677dececbc,5,
10005,首,a164240c-9edc-4148-a8de-a4078582085f,5,
10005,服,f4d9e25b-faec-4a8e-8364-9eddcd54ce28,5,
10005,服,49ee61df-04cd-484b-bd35-19168c1cb744,5,
10006,武器,776b4c4a-7e5e-41e4-8a76-718baccd8ae3,6,
10006,武器,d6982689-f2f3-4ece-b67d-b2a31839503a,6,
10006,武器,458481dc-3a0b-4d88-9c9b-9b0c8d567fe3,6,
10006,武器,f19109a7-798f-4913-82fe-75e1d4c977bc,6,
10006,武器,16d7df75-f5d7-4a91-91cc-90049b94b287,6,
10006,武器,7f043bb3-422c-45f6-bdbd-3ab861084bae,6,
10006,武器,be46b7a3-64c4-4780-b810-51a8ad84df38,6,
10006,武器,e540af7b-a3fa-487d-9d3c-a09a7a48e1ac,6,
10006,武器,9bcab852-c4e3-4ec7-9833-caec947727df,6,
10006,武器,8644714d-df79-48f1-974d-e16fdaefe44e,6,
10006,武器,a4fe3489-929a-4c91-a9b6-f122d9e9615d,6,
10006,武器,2ff6cb0c-dab5-4ee7-84c7-d88cef1fb369,6,
10006,武器,07cc6eaf-f9f4-4882-b5bb-b2316fcb7c86,6,
10006,武器,17b57a56-f97d-40be-b2b1-20663b9f4bfe,6,
10006,武器,323adf52-72fd-4638-8ba2-351ad5ce6045,6,
10006,武器,28d60d59-a07e-4d48-9590-ec77b7294b77,6,
10006,武器,6f2e6a31-ddd2-46a9-9002-346104be3247,6,
10006,盾,e3358b47-5a60-43f7-bd0b-71a9b10ce2b1,6,
10006,盾,3a297841-49f3-4656-b701-dbcea7a72048,6,
10006,盾,9cc99be5-4636-45ac-8a0b-e232aa4f3341,6,
10006,頭,9176d679-24a0-4ced-9933-21525a241744,6,
10006,背,759df54f-3cea-47ca-9f3e-ac0e0e12fc3c,6,
10006,靴,a5dd10e5-d387-40e5-a062-e0c1701fd16a,6,
10006,手,92f028f5-7d9b-4ebb-a945-ac677dececbc,6,
10006,首,a164240c-9edc-4148-a8de-a4078582085f,6,
10006,服,f4d9e25b-faec-4a8e-8364-9eddcd54ce28,6,
10006,服,49ee61df-04cd-484b-bd35-19168c1cb744,6,
10007,武器,776b4c4a-7e5e-41e4-8a76-718baccd8ae3,7,
10007,武器,d6982689-f2f3-4ece-b67d-b2a31839503a,7,
10007,武器,458481dc-3a0b-4d88-9c9b-9b0c8d567fe3,7,
10007,武器,f19109a7-798f-4913-82fe-75e1d4c977bc,7,
10007,武器,16d7df75-f5d7-4a91-91cc-90049b94b287,7,
10007,武器,7f043bb3-422c-45f6-bdbd-3ab861084bae,7,
10007,武器,be46b7a3-64c4-4780-b810-51a8ad84df38,7,
10007,武器,e540af7b-a3fa-487d-9d3c-a09a7a48e1ac,7,
10007,武器,9bcab852-c4e3-4ec7-9833-caec947727df,7,
10007,武器,8644714d-df79-48f1-974d-e16fdaefe44e,7,
10007,武器,a4fe3489-929a-4c91-a9b6-f122d9e9615d,7,
10007,武器,2ff6cb0c-dab5-4ee7-84c7-d88cef1fb369,7,
10007,武器,07cc6eaf-f9f4-4882-b5bb-b2316fcb7c86,7,
10007,武器,17b57a56-f97d-40be-b2b1-20663b9f4bfe,7,
10007,武器,323adf52-72fd-4638-8ba2-351ad5ce6045,7,
10007,武器,28d60d59-a07e-4d48-9590-ec77b7294b77,7,
10007,武器,6f2e6a31-ddd2-46a9-9002-346104be3247,7,
10007,盾,e3358b47-5a60-43f7-bd0b-71a9b10ce2b1,7,
10007,盾,3a297841-49f3-4656-b701-dbcea7a72048,7,
10007,盾,9cc99be5-4636-45ac-8a0b-e232aa4f3341,7,
10007,頭,9176d679-24a0-4ced-9933-21525a241744,7,
10007,背,759df54f-3cea-47ca-9f3e-ac0e0e12fc3c,7,
10007,靴,a5dd10e5-d387-40e5-a062-e0c1701fd16a,7,
10007,手,92f028f5-7d9b-4ebb-a945-ac677dececbc,7,
10007,首,a164240c-9edc-4148-a8de-a4078582085f,7,
10007,服,f4d9e25b-faec-4a8e-8364-9eddcd54ce28,7,
10007,服,49ee61df-04cd-484b-bd35-19168c1cb744,7,
10008,武器,776b4c4a-7e5e-41e4-8a76-718baccd8ae3,8,
10008,武器,d6982689-f2f3-4ece-b67d-b2a31839503a,8,
10008,武器,458481dc-3a0b-4d88-9c9b-9b0c8d567fe3,8,
10008,武器,f19109a7-798f-4913-82fe-75e1d4c977bc,8,
10008,武器,16d7df75-f5d7-4a91-91cc-90049b94b287,8,
10008,武器,7f043bb3-422c-45f6-bdbd-3ab861084bae,8,
10008,武器,be46b7a3-64c4-4780-b810-51a8ad84df38,8,
10008,武器,e540af7b-a3fa-487d-9d3c-a09a7a48e1ac,8,
10008,武器,9bcab852-c4e3-4ec7-9833-caec947727df,8,
10008,武器,8644714d-df79-48f1-974d-e16fdaefe44e,8,
10008,武器,a4fe3489-929a-4c91-a9b6-f122d9e9615d,8,
10008,武器,2ff6cb0c-dab5-4ee7-84c7-d88cef1fb369,8,
10008,武器,07cc6eaf-f9f4-4882-b5bb-b2316fcb7c86,8,
10008,武器,17b57a56-f97d-40be-b2b1-20663b9f4bfe,8,
10008,武器,323adf52-72fd-4638-8ba2-351ad5ce6045,8,
10008,武器,28d60d59-a07e-4d48-9590-ec77b7294b77,8,
10008,武器,6f2e6a31-ddd2-46a9-9002-346104be3247,8,
10008,盾,e3358b47-5a60-43f7-bd0b-71a9b10ce2b1,8,
10008,盾,3a297841-49f3-4656-b701-dbcea7a72048,8,
10008,盾,9cc99be5-4636-45ac-8a0b-e232aa4f3341,8,
10008,頭,9176d679-24a0-4ced-9933-21525a241744,8,
10008,背,759df54f-3cea-47ca-9f3e-ac0e0e12fc3c,8,
10008,靴,a5dd10e5-d387-40e5-a062-e0c1701fd16a,8,
10008,手,92f028f5-7d9b-4ebb-a945-ac677dececbc,8,
10008,首,a164240c-9edc-4148-a8de-a4078582085f,8,
10008,服,f4d9e25b-faec-4a8e-8364-9eddcd54ce28,8,
10008,服,49ee61df-04cd-484b-bd35-19168c1cb744,8,
10101,武器,f01a49bb-5c8b-429f-8a79-852f306c3035,2,
10101,武器,b7c52b7c-ab69-4382-86bc-a27deb92923d,2,
10101,盾,9cc99be5-4636-45ac-8a0b-e232aa4f3341,2,
10101,盾,23df2edd-2394-4bcb-a817-8ed24c6fbd08,2,
10101,盾,d722602a-c0b0-4e1d-a528-8f6c5745ecbd,2,
10101,盾,654ab6d7-cc5d-4127-b981-6dd161fe9ef7,2,
10101,盾,24d5a280-b4b5-4c83-8637-a6629d019fa8,2,
10101,盾,6aebe841-4ca1-4231-8f82-3405beef162a,2,
10101,盾,b6103334-0160-4b2f-9562-2da8fbd63bec,2,
10201,武器,5bc954eb-831b-473a-b717-10d6f19661c1,2,
10201,武器,14d46d53-240b-4760-9f9d-30c5de80218d,2,
10201,武器,24775e2d-60f6-44c7-a4d5-dde293931b9b,2,
10201,盾,92d80573-99f3-4ea2-b5fa-7f8769a3c531,2,
10201,盾,9dcd60e6-ac40-4c79-a063-afe6be6bd343,2,
10201,盾,0b2e1471-20d0-43ea-91a6-e9c749c90178,2,
10201,頭,d9941ae8-f223-4c08-ada9-b64efb32c50b,2,
10201,頭,f9622923-bae7-4d2a-9033-5cbff4ba08e3,2,
10201,頭,35a77b12-0df1-4892-8f5d-5d9bdeb9013e,2,
10201,背,8a1b08c3-46a0-496e-9608-d837fd9c22e9,2,
10201,背,1cce8ccd-8de6-49b5-bba7-c6457cb26a21,2,
10201,背,3e1883f8-6ece-48e5-9a9d-43b99e137ff4,2,
10201,服,f192ffa3-b602-44d5-80a3-2ae5e904d2ab,2,
10201,服,7103c1a4-4a88-436c-8c03-b06cfd57c1e6,2,
10201,服,b5aa31fb-7c0b-40de-9edf-6d5cec62fc07,2,
10201,服,56787163-3b4d-4abd-bb9d-9069c298b8b0,2,
10201,服,66273ee8-6140-41b4-982d-ded2683c8479,2,
10201,服,93777d76-a92d-4193-b552-aec92076c795,2,
10202,武器,5bc954eb-831b-473a-b717-10d6f19661c1,3,
10202,武器,14d46d53-240b-4760-9f9d-30c5de80218d,3,
10202,武器,24775e2d-60f6-44c7-a4d5-dde293931b9b,3,
10202,盾,92d80573-99f3-4ea2-b5fa-7f8769a3c531,3,
10202,盾,9dcd60e6-ac40-4c79-a063-afe6be6bd343,3,
10202,盾,0b2e1471-20d0-43ea-91a6-e9c749c90178,3,
10202,頭,d9941ae8-f223-4c08-ada9-b64efb32c50b,3,
10202,頭,f9622923-bae7-4d2a-9033-5cbff4ba08e3,3,
10202,頭,35a77b12-0df1-4892-8f5d-5d9bdeb9013e,3,
10202,背,8a1b08c3-46a0-496e-9608-d837fd9c22e9,3,
10202,背,1cce8ccd-8de6-49b5-bba7-c6457cb26a21,3,
10202,背,3e1883f8-6ece-48e5-9a9d-43b99e137ff4,3,
10202,服,f192ffa3-b602-44d5-80a3-2ae5e904d2ab,3,
10202,服,7103c1a4-4a88-436c-8c03-b06cfd57c1e6,3,
10202,服,b5aa31fb-7c0b-40de-9edf-6d5cec62fc07,3,
10202,服,56787163-3b4d-4abd-bb9d-9069c298b8b0,3,
10202,服,66273ee8-6140-41b4-982d-ded2683c8479,3,
10202,服,93777d76-a92d-4193-b552-aec92076c795,3,
10203,武器,5bc954eb-831b-473a-b717-10d6f19661c1,5,
10203,武器,14d46d53-240b-4760-9f9d-30c5de80218d,5,
10203,武器,24775e2d-60f6-44c7-a4d5-dde293931b9b,5,
10203,盾,92d80573-99f3-4ea2-b5fa-7f8769a3c531,5,
10203,盾,9dcd60e6-ac40-4c79-a063-afe6be6bd343,5,
10203,盾,0b2e1471-20d0-43ea-91a6-e9c749c90178,5,
10203,頭,d9941ae8-f223-4c08-ada9-b64efb32c50b,5,
10203,頭,f9622923-bae7-4d2a-9033-5cbff4ba08e3,5,
10203,頭,35a77b12-0df1-4892-8f5d-5d9bdeb9013e,5,
10203,背,8a1b08c3-46a0-496e-9608-d837fd9c22e9,5,
10203,背,1cce8ccd-8de6-49b5-bba7-c6457cb26a21,5,
10203,背,3e1883f8-6ece-48e5-9a9d-43b99e137ff4,5,
10203,服,f192ffa3-b602-44d5-80a3-2ae5e904d2ab,5,
10203,服,7103c1a4-4a88-436c-8c03-b06cfd57c1e6,5,
10203,服,b5aa31fb-7c0b-40de-9edf-6d5cec62fc07,5,
10203,服,56787163-3b4d-4abd-bb9d-9069c298b8b0,5,
10203,服,66273ee8-6140-41b4-982d-ded2683c8479,5,
10203,服,93777d76-a92d-4193-b552-aec92076c795,5,
10211,武器,d252c827-089f-4b3b-abf5-056af5aebb50,3,
10211,盾,f72b960f-a186-4c49-9cf5-ae8873846dde,3,
10211,頭,2b44c722-ea92-4307-ad61-a5321f9fe78e,3,
10211,背,73be9cd3-409a-4104-ba9a-1b6d7cb12110,3,
10211,首,922e5bac-88b5-40d9-9f93-571ca9e58362,3,○
10211,首,9fd1e262-54cc-4c2e-ac4c-2e0323049f9b,3,○
10211,首,fd4e6673-e2f2-46bb-ac4a-eb1e51d31e52,3,○
10211,首,d2c5f4a5-7164-4e60-9d80-c2e3a6dd1765,3,○
10211,首,c6dbe684-5613-4190-8c4f-1133eeb33084,3,○
10211,服,686a9555-3bcd-4f88-91ab-c9955e3246e0,3,
10212,武器,d252c827-089f-4b3b-abf5-056af5aebb50,4,
10212,盾,f72b960f-a186-4c49-9cf5-ae8873846dde,4,
10212,頭,2b44c722-ea92-4307-ad61-a5321f9fe78e,4,
10212,背,73be9cd3-409a-4104-ba9a-1b6d7cb12110,4,
10212,首,922e5bac-88b5-40d9-9f93-571ca9e58362,4,○
10212,首,9fd1e262-54cc-4c2e-ac4c-2e0323049f9b,4,○
10212,首,fd4e6673-e2f2-46bb-ac4a-eb1e51d31e52,4,○
10212,首,d2c5f4a5-7164-4e60-9d80-c2e3a6dd1765,4,○
10212,首,c6dbe684-5613-4190-8c4f-1133eeb33084,4,○
10212,服,686a9555-3bcd-4f88-91ab-c9955e3246e0,4,
10213,武器,d252c827-089f-4b3b-abf5-056af5aebb50,5,
10213,盾,f72b960f-a186-4c49-9cf5-ae8873846dde,5,
10213,頭,2b44c722-ea92-4307-ad61-a5321f9fe78e,5,
10213,背,73be9cd3-409a-4104-ba9a-1b6d7cb12110,5,
10213,首,922e5bac-88b5-40d9-9f93-571ca9e58362,5,○
10213,首,9fd1e262-54cc-4c2e-ac4c-2e0323049f9b,5,○
10213,首,fd4e6673-e2f2-46bb-ac4a-eb1e51d31e52,5,○
10213,首,d2c5f4a5-7164-4e60-9d80-c2e3a6dd1765,5,○
10213,首,c6dbe684-5613-4190-8c4f-1133eeb33084,5,○
10213,服,686a9555-3bcd-4f88-91ab-c9955e3246e0,5,
10221,武器,4ce40c3e-1149-4941-8f38-1c68848a090c,3,
10221,盾,ce20912a-263e-4065-8892-6d7c043610e3,3,
10221,頭,e661d0cf-18d4-4e49-bef7-ba018732b01c,3,
10221,背,52253981-2f36-4717-b4ba-756862771556,3,
10221,服,445bada6-fd3d-48e3-a320-3f1950e53206,3,
10222,武器,4ce40c3e-1149-4941-8f38-1c68848a090c,4,
10222,盾,ce20912a-263e-4065-8892-6d7c043610e3,4,
10222,頭,e661d0cf-18d4-4e49-bef7-ba018732b01c,4,
10222,背,52253981-2f36-4717-b4ba-756862771556,4,
10222,服,445bada6-fd3d-48e3-a320-3f1950e53206,4,
10223,武器,4ce40c3e-1149-4941-8f38-1c68848a090c,5,
10223,盾,ce20912a-263e-4065-8892-6d7c043610e3,5,
10223,頭,e661d0cf-18d4-4e49-bef7-ba018732b01c,5,
10223,背,52253981-2f36-4717-b4ba-756862771556,5,
10223,服,445bada6-fd3d-48e3-a320-3f1950e53206,5,
10230,武器,e32a4f6a-d238-4d0d-9cec-9958d573371a,3,
10230,盾,6bef426a-6ea5-4fd0-b02e-09987717a16a,3,
10230,頭,f6a55993-828f-4970-9032-05e0eb590b6f,3,
10230,背,123191e2-e3eb-4e66-ada6-dc03bea315a9,3,
10230,服,b1d169a4-1ca7-466c-8ce9-01d85cc07f1a,3,
10231,武器,e32a4f6a-d238-4d0d-9cec-9958d573371a,4,
10231,盾,6bef426a-6ea5-4fd0-b02e-09987717a16a,4,
10231,頭,f6a55993-828f-4970-9032-05e0eb590b6f,4,
10231,背,123191e2-e3eb-4e66-ada6-dc03bea315a9,4,
10231,服,b1d169a4-1ca7-466c-8ce9-01d85cc07f1a,4,
10232,武器,e32a4f6a-d238-4d0d-9cec-9958d573371a,5,
10232,盾,6bef426a-6ea5-4fd0-b02e-09987717a16a,5,
10232,頭,f6a55993-828f-4970-9032-05e0eb590b6f,5,
10232,背,123191e2-e3eb-4e66-ada6-dc03bea315a9,5,
10232,服,b1d169a4-1ca7-466c-8ce9-01d85cc07f1a,5,
10240,武器,6db9e8c2-bc4d-440d-ae79-efb742ad255b,3,
10240,武器,cdb3ee6b-83b4-4eb6-af92-f30c118b0e02,3,
10240,武器,fb08ed2b-c699-44d1-b45b-994965969d47,3,
10240,武器,cff78557-8fae-4194-a6a1-31afc0800477,3,
10240,武器,4fcb53a7-f48c-4080-a0df-687d0db868e4,3,
10240,武器,07fc915d-a797-463d-aff4-feb60439e5fc,3,
10240,手,0bf47bed-80d8-4490-85f9-233d9adc8f35,3,
10240,首,c872376f-5c45-4a90-8425-780cd7b63fed,3,
12300,武器,fe13c6a0-6133-45e0-a40f-efbd58d159d5,2,
12300,武器,b4f3f60d-f2e9-4559-aec8-e2a405afa976,2,
12300,武器,28bf2d70-004a-4bdc-a436-441e5a336f81,2,
12300,武器,7fc672b2-b182-434e-b7e4-1c13fe46f0e0,2,
12300,武器,be6fa2d3-46a9-4b17-8107-66e66d61ae56,2,
12300,武器,4828acfa-2fdc-424d-b4ae-7e466a793d1d,2,
12300,盾,3ec409ac-78da-4ea5-a8f0-2b0c0d0b60af,2,
12300,盾,0f2da80e-0004-4ccf-98cd-53228aeddd21,2,
12300,盾,9c494c74-3219-41e1-8000-fb1438adca6b,2,
12300,盾,0cdd9db0-c87c-4051-84b6-0561fc3cee6c,2,
12300,盾,2ac774e2-7560-443c-a991-38a5c126e679,2,
12300,盾,4fe5a283-b313-4911-ac0d-0681a95d2fa7,2,
12300,頭,6a8386e8-2b45-4f45-bfee-53210c827786,2,
12300,頭,a8b89ceb-0a88-4572-81d1-c16a2d1c41c2,2,
12300,頭,588d036d-63fb-410b-9613-65f5fd40229e,2,
12300,頭,a31fcbcf-7c8c-4bb9-b748-486ef6107d90,2,
12300,頭,3a670490-2115-41f7-8bbe-37fcb9caa1f0,2,
12300,頭,175a769b-2a03-4c43-b065-22f659db9162,2,
12300,背,14aba3a3-a9bf-40c7-96bc-99cc85a1595c,2,
12300,背,aafb4456-4e93-43d6-9545-b9b06223f35e,2,
12300,背,8cf1baef-1b45-4adf-bb67-e1062a0cdd80,2,
12300,背,45f57199-12eb-4adc-8e77-a1d0cc125be6,2,
12300,背,1153adb1-96b9-4a19-b7d8-9b773f7531c5,2,
12300,背,657849a2-0ac8-42ac-9c2f-d61c9f3dce8e,2,
12300,靴,e2c35e9a-0172-46ae-b8d9-e7e121286021,2,
12300,靴,897a9b2f-4133-4b37-9f8d-dd303425387d,2,
12300,靴,ef6a44d7-4414-4755-97dd-17b5e9522fd2,2,
12300,靴,0987292c-9c6d-46ee-a712-abee946c3afb,2,
12300,靴,bae881ce-c016-4a88-9c79-c44ee7dc6b57,2,
12300,靴,4475b9ca-79b3-478d-8280-dd06befc8f3e,2,
12300,手,4d541920-3a5e-486f-bec7-a7d3fd3e8522,2,
12300,手,97e8d6d2-a1d0-49d4-ab7f-0a756d19d0f1,2,
12300,手,8530cca5-35e7-4f1f-a8d9-4ab6966c142c,2,
12300,手,d91f102f-dcae-4c19-81d2-8a1c314a8e49,2,
12300,手,4a89bcc8-7fa8-4956-9f47-1553108783a1,2,
12300,手,6d384fc6-7d6f-4774-8ad4-1d556c3f9b7e,2,
12300,首,dc97a179-ab99-428c-b84f-1e72fae752fa,2,
12300,首,32d77a9d-8c62-4e28-b67c-4e331711d963,2,
12300,首,688eb357-c036-4bde-b897-c9065fd8dc39,2,
12300,首,3e5a8447-e92f-4b0a-a0a5-4abfdccfb37e,2,
12300,首,e3c66477-d7ac-469a-ae1a-7e19de8889c1,2,
12300,首,0bc6e37a-a6fe-49f8-a3ba-745b20e503ba,2,
12300,服,681bff8f-9192-4733-9d43-f5beadfc6dae,2,
12300,服,5f0e52dd-66a3-42f1-9e4c-e81544e47c5b,2,
12300,服,2891d319-e190-406b-b38a-921f596d1a35,2,
12300,服,5291b9e9-7c7d-4b10-b527-1b94a2408ad5,2,
12300,服,b3f9e654-0738-4c73-88e0-ad4dcb968857,2,
12300,服,73e51304-7cfc-4d04-aeef-0306246a63eb,2,
12300,服,c8847ea8-e24d-4702-804e-8152f9bd0596,2,
12300,服,8a20c3ee-5c8b-41d6-aaf2-8a4d697662a0,2,
12300,服,ace305d1-0ff9-4e37-9e72-90ed0c9e3c5b,2,
12300,服,2602bc21-1213-48df-a6cb-37f2e56655e9,2,
12300,服,c11d9510-cb9c-43d3-808c-1bf7a78d9ef9,2,
12300,服,98b8322e-1fd5-4a71-8f86-891557cc5085,2,
12301,武器,fe13c6a0-6133-45e0-a40f-efbd58d159d5,3,
12301,武器,b4f3f60d-f2e9-4559-aec8-e2a405afa976,3,
12301,武器,28bf2d70-004a-4bdc-a436-441e5a336f81,3,
12301,武器,7fc672b2-b182-434e-b7e4-1c13fe46f0e0,3,
12301,武器,be6fa2d3-46a9-4b17-8107-66e66d61ae56,3,
12301,武器,4828acfa-2fdc-424d-b4ae-7e466a793d1d,3,
12301,盾,3ec409ac-78da-4ea5-a8f0-2b0c0d0b60af,3,
12301,盾,0f2da80e-0004-4ccf-98cd-53228aeddd21,3,
12301,盾,9c494c74-3219-41e1-8000-fb1438adca6b,3,
12301,盾,0cdd9db0-c87c-4051-84b6-0561fc3cee6c,3,
12301,盾,2ac774e2-7560-443c-a991-38a5c126e679,3,
12301,盾,4fe5a283-b313-4911-ac0d-0681a95d2fa7,3,
12301,頭,6a8386e8-2b45-4f45-bfee-53210c827786,3,
12301,頭,a8b89ceb-0a88-4572-81d1-c16a2d1c41c2,3,
12301,頭,588d036d-63fb-410b-9613-65f5fd40229e,3,
12301,頭,a31fcbcf-7c8c-4bb9-b748-486ef6107d90,3,
12301,頭,3a670490-2115-41f7-8bbe-37fcb9caa1f0,3,
12301,頭,175a769b-2a03-4c43-b065-22f659db9162,3,
12301,背,14aba3a3-a9bf-40c7-96bc-99cc85a1595c,3,
12301,背,aafb4456-4e93-43d6-9545-b9b06223f35e,3,
12301,背,8cf1baef-1b45-4adf-bb67-e1062a0cdd80,3,
12301,背,45f57199-12eb-4adc-8e77-a1d0cc125be6,3,
12301,背,1153adb1-96b9-4a19-b7d8-9b773f7531c5,3,
12301,背,657849a2-0ac8-42ac-9c2f-d61c9f3dce8e,3,
12301,靴,e2c35e9a-0172-46ae-b8d9-e7e121286021,3,
12301,靴,897a9b2f-4133-4b37-9f8d-dd303425387d,3,
12301,靴,ef6a44d7-4414-4755-97dd-17b5e9522fd2,3,
12301,靴,0987292c-9c6d-46ee-a712-abee946c3afb,3,
12301,靴,bae881ce-c016-4a88-9c79-c44ee7dc6b57,3,
12301,靴,4475b9ca-79b3-478d-8280-dd06befc8f3e,3,
12301,手,4d541920-3a5e-486f-bec7-a7d3fd3e8522,3,
12301,手,97e8d6d2-a1d0-49d4-ab7f-0a756d19d0f1,3,
12301,手,8530cca5-35e7-4f1f-a8d9-4ab6966c142c,3,
12301,手,d91f102f-dcae-4c19-81d2-8a1c314a8e49,3,
12301,手,4a89bcc8-7fa8-4956-9f47-1553108783a1,3,
12301,手,6d384fc6-7d6f-4774-8ad4-1d556c3f9b7e,3,
12301,首,dc97a179-ab99-428c-b84f-1e72fae752fa,3,
12301,首,32d77a9d-8c62-4e28-b67c-4e331711d963,3,
12301,首,688eb357-c036-4bde-b897-c9065fd8dc39,3,
12301,首,3e5a8447-e92f-4b0a-a0a5-4abfdccfb37e,3,
12301,首,e3c66477-d7ac-469a-ae1a-7e19de8889c1,3,
12301,首,0bc6e37a-a6fe-49f8-a3ba-745b20e503ba,3,
12301,服,681bff8f-9192-4733-9d43-f5beadfc6dae,3,
12301,服,5f0e52dd-66a3-42f1-9e4c-e81544e47c5b,3,
12301,服,2891d319-e190-406b-b38a-921f596d1a35,3,
12301,服,5291b9e9-7c7d-4b10-b527-1b94a2408ad5,3,
12301,服,b3f9e654-0738-4c73-88e0-ad4dcb968857,3,
12301,服,73e51304-7cfc-4d04-aeef-0306246a63eb,3,
12301,服,c8847ea8-e24d-4702-804e-8152f9bd0596,3,
12301,服,8a20c3ee-5c8b-41d6-aaf2-8a4d697662a0,3,
12301,服,ace305d1-0ff9-4e37-9e72-90ed0c9e3c5b,3,
12301,服,2602bc21-1213-48df-a6cb-37f2e56655e9,3,
12301,服,c11d9510-cb9c-43d3-808c-1bf7a78d9ef9,3,
12301,服,98b8322e-1fd5-4a71-8f86-891557cc5085,3,
12302,武器,fe13c6a0-6133-45e0-a40f-efbd58d159d5,4,
12302,武器,b4f3f60d-f2e9-4559-aec8-e2a405afa976,4,
12302,武器,28bf2d70-004a-4bdc-a436-441e5a336f81,4,
12302,武器,7fc672b2-b182-434e-b7e4-1c13fe46f0e0,4,
12302,武器,be6fa2d3-46a9-4b17-8107-66e66d61ae56,4,
12302,武器,4828acfa-2fdc-424d-b4ae-7e466a793d1d,4,
12302,盾,3ec409ac-78da-4ea5-a8f0-2b0c0d0b60af,4,
12302,盾,0f2da80e-0004-4ccf-98cd-53228aeddd21,4,
12302,盾,9c494c74-3219-41e1-8000-fb1438adca6b,4,
12302,盾,0cdd9db0-c87c-4051-84b6-0561fc3cee6c,4,
12302,盾,2ac774e2-7560-443c-a991-38a5c126e679,4,
12302,盾,4fe5a283-b313-4911-ac0d-0681a95d2fa7,4,
12302,頭,6a8386e8-2b45-4f45-bfee-53210c827786,4,
12302,頭,a8b89ceb-0a88-4572-81d1-c16a2d1c41c2,4,
12302,頭,588d036d-63fb-410b-9613-65f5fd40229e,4,
12302,頭,a31fcbcf-7c8c-4bb9-b748-486ef6107d90,4,
12302,頭,3a670490-2115-41f7-8bbe-37fcb9caa1f0,4,
12302,頭,175a769b-2a03-4c43-b065-22f659db9162,4,
12302,背,14aba3a3-a9bf-40c7-96bc-99cc85a1595c,4,
12302,背,aafb4456-4e93-43d6-9545-b9b06223f35e,4,
12302,背,8cf1baef-1b45-4adf-bb67-e1062a0cdd80,4,
12302,背,45f57199-12eb-4adc-8e77-a1d0cc125be6,4,
12302,背,1153adb1-96b9-4a19-b7d8-9b773f7531c5,4,
12302,背,657849a2-0ac8-42ac-9c2f-d61c9f3dce8e,4,
12302,靴,e2c35e9a-0172-46ae-b8d9-e7e121286021,4,
12302,靴,897a9b2f-4133-4b37-9f8d-dd303425387d,4,
12302,靴,ef6a44d7-4414-4755-97dd-17b5e9522fd2,4,
12302,靴,0987292c-9c6d-46ee-a712-abee946c3afb,4,
12302,靴,bae881ce-c016-4a88-9c79-c44ee7dc6b57,4,
12302,靴,4475b9ca-79b3-478d-8280-dd06befc8f3e,4,
12302,手,4d541920-3a5e-486f-bec7-a7d3fd3e8522,4,
12302,手,97e8d6d2-a1d0-49d4-ab7f-0a756d19d0f1,4,
12302,手,8530cca5-35e7-4f1f-a8d9-4ab6966c142c,4,
12302,手,d91f102f-dcae-4c19-81d2-8a1c314a8e49,4,
12302,手,4a89bcc8-7fa8-4956-9f47-1553108783a1,4,
12302,手,6d384fc6-7d6f-4774-8ad4-1d556c3f9b7e,4,
12302,首,dc97a179-ab99-428c-b84f-1e72fae752fa,4,
12302,首,32d77a9d-8c62-4e28-b67c-4e331711d963,4,
12302,首,688eb357-c036-4bde-b897-c9065fd8dc39,4,
12302,首,3e5a8447-e92f-4b0a-a0a5-4abfdccfb37e,4,
12302,首,e3c66477-d7ac-469a-ae1a-7e19de8889c1,4,
12302,首,0bc6e37a-a6fe-49f8-a3ba-745b20e503ba,4,
12302,服,681bff8f-9192-4733-9d43-f5beadfc6dae,4,
12302,服,5f0e52dd-66a3-42f1-9e4c-e81544e47c5b,4,
12302,服,2891d319-e190-406b-b38a-921f596d1a35,4,
12302,服,5291b9e9-7c7d-4b10-b527-1b94a2408ad5,4,
12302,服,b3f9e654-0738-4c73-88e0-ad4dcb968857,4,
12302,服,73e51304-7cfc-4d04-aeef-0306246a63eb,4,
12302,服,c8847ea8-e24d-4702-804e-8152f9bd0596,4,
12302,服,8a20c3ee-5c8b-41d6-aaf2-8a4d697662a0,4,
12302,服,ace305d1-0ff9-4e37-9e72-90ed0c9e3c5b,4,
12302,服,2602bc21-1213-48df-a6cb-37f2e56655e9,4,
12302,服,c11d9510-cb9c-43d3-808c-1bf7a78d9ef9,4,
12302,服,98b8322e-1fd5-4a71-8f86-891557cc5085,4,
12303,武器,b4f3f60d-f2e9-4559-aec8-e2a405afa976,2,
12303,頭,a8b89ceb-0a88-4572-81d1-c16a2d1c41c2,2,
12303,背,aafb4456-4e93-43d6-9545-b9b06223f35e,2,
12303,靴,897a9b2f-4133-4b37-9f8d-dd303425387d,2,
12303,手,97e8d6d2-a1d0-49d4-ab7f-0a756d19d0f1,2,
12303,首,32d77a9d-8c62-4e28-b67c-4e331711d963,2,
12303,服,5f0e52dd-66a3-42f1-9e4c-e81544e47c5b,2,
12303,服,73e51304-7cfc-4d04-aeef-0306246a63eb,2,
12304,武器,28bf2d70-004a-4bdc-a436-441e5a336f81,2,
12304,頭,588d036d-63fb-410b-9613-65f5fd40229e,2,
12304,背,8cf1baef-1b45-4adf-bb67-e1062a0cdd80,2,
12304,靴,ef6a44d7-4414-4755-97dd-17b5e9522fd2,2,
12304,手,8530cca5-35e7-4f1f-a8d9-4ab6966c142c,2,
12304,首,688eb357-c036-4bde-b897-c9065fd8dc39,2,
12304,服,2891d319-e190-406b-b38a-921f596d1a35,2,
12304,服,c8847ea8-e24d-4702-804e-8152f9bd0596,2,
12305,武器,7fc672b2-b182-434e-b7e4-1c13fe46f0e0,2,
12305,頭,a31fcbcf-7c8c-4bb9-b748-486ef6107d90,2,
12305,背,45f57199-12eb-4adc-8e77-a1d0cc125be6,2,
12305,靴,0987292c-9c6d-46ee-a712-abee946c3afb,2,
12305,手,d91f102f-dcae-4c19-81d2-8a1c314a8e49,2,
12305,首,3e5a8447-e92f-4b0a-a0a5-4abfdccfb37e,2,
12305,服,5291b9e9-7c7d-4b10-b527-1b94a2408ad5,2,
12305,服,8a20c3ee-5c8b-41d6-aaf2-8a4d697662a0,2,
12306,武器,be6fa2d3-46a9-4b17-8107-66e66d61ae56,2,
12306,武器,4828acfa-2fdc-424d-b4ae-7e466a793d1d,2,
12306,頭,3a670490-2115-41f7-8bbe-37fcb9caa1f0,2,
12306,頭,175a769b-2a03-4c43-b065-22f659db9162,2,
12306,背,1153adb1-96b9-4a19-b7d8-9b773f7531c5,2,
12306,背,657849a2-0ac8-42ac-9c2f-d61c9f3dce8e,2,
12306,靴,bae881ce-c016-4a88-9c79-c44ee7dc6b57,2,
12306,靴,4475b9ca-79b3-478d-8280-dd06befc8f3e,2,
12306,手,4a89bcc8-7fa8-4956-9f47-1553108783a1,2,
12306,手,6d384fc6-7d6f-4774-8ad4-1d556c3f9b7e,2,
12306,首,e3c66477-d7ac-469a-ae1a-7e19de8889c1,2,
12306,首,0bc6e37a-a6fe-49f8-a3ba-745b20e503ba,2,
12306,服,ace305d1-0ff9-4e37-9e72-90ed0c9e3c5b,2,
12306,服,2602bc21-1213-48df-a6cb-37f2e56655e9,2,
12306,服,c11d9510-cb9c-43d3-808c-1bf7a78d9ef9,2,
12306,服,98b8322e-1fd5-4a71-8f86-891557cc5085,2,
12400,武器,83df88af-a91b-4aac-aed2-da9ec73e8e49,2,
12400,盾,050f9019-1e6d-43d3-8f51-8ae79ea1c90f,2,
12400,頭,5725e651-1502-4a51-be64-7650b91633f3,2,
12400,背,2468cef1-46ef-4813-9a8d-645e6284d031,2,
12400,靴,c35a2ae1-06b0-4938-b17f-f6a4cb6ff422,2,
12400,手,2a53ab48-95cb-4c43-8e6e-f0c06a3555ba,2,
12400,首,48867316-9498-4162-a59a-707993d8ed8f,2,
12400,服,0975ee5b-87d0-42d3-9934-3917e7326612,2,
12400,服,511b1901-c428-49a1-94c7-cf7e7a8e9458,2,
12401,武器,83df88af-a91b-4aac-aed2-da9ec73e8e49,3,
12401,盾,050f9019-1e6d-43d3-8f51-8ae79ea1c90f,3,
12401,頭,5725e651-1502-4a51-be64-7650b91633f3,3,
12401,背,2468cef1-46ef-4813-9a8d-645e6284d031,3,
12401,靴,c35a2ae1-06b0-4938-b17f-f6a4cb6ff422,3,
12401,手,2a53ab48-95cb-4c43-8e6e-f0c06a3555ba,3,
12401,首,48867316-9498-4162-a59a-707993d8ed8f,3,
12401,服,0975ee5b-87d0-42d3-9934-3917e7326612,3,
12401,服,511b1901-c428-49a1-94c7-cf7e7a8e9458,3,
12402,武器,83df88af-a91b-4aac-aed2-da9ec73e8e49,4,
12402,盾,050f9019-1e6d-43d3-8f51-8ae79ea1c90f,4,
12402,頭,5725e651-1502-4a51-be64-7650b91633f3,4,
12402,背,2468cef1-46ef-4813-9a8d-645e6284d031,4,
12402,靴,c35a2ae1-06b0-4938-b17f-f6a4cb6ff422,4,
12402,手,2a53ab48-95cb-4c43-8e6e-f0c06a3555ba,4,
12402,首,48867316-9498-4162-a59a-707993d8ed8f,4,
12402,服,0975ee5b-87d0-42d3-9934-3917e7326612,4,
12402,服,511b1901-c428-49a1-94c7-cf7e7a8e9458,4,
12410,武器,34568c2e-e903-4194-b4ed-8a8fada89247,2,
12410,盾,fb54de45-7dc6-485c-b4eb-2e5da1a4c163,2,
12410,頭,4e1d1b0a-7dc6-445b-8ade-9b7a834a4137,2,
12410,背,ee15ebd2-66b6-4675-9e10-11b86ab75c1e,2,
12410,靴,7ab8f19c-0f9f-441b-826a-fc0f86367a56,2,
12410,手,2b89ea1a-e3d7-481a-ac3a-343bcc6d3923,2,
12410,首,3a104bac-ba34-4c5e-bc0e-97e7ccb460d7,2,
12410,服,15d83301-5bf2-4357-ade5-e559186f7800,2,
12410,服,be5fce17-9574-4c18-803b-c0a90cace9d1,2,
12411,武器,34568c2e-e903-4194-b4ed-8a8fada89247,3,
12411,盾,fb54de45-7dc6-485c-b4eb-2e5da1a4c163,3,
12411,頭,4e1d1b0a-7dc6-445b-8ade-9b7a834a4137,3,
12411,背,ee15ebd2-66b6-4675-9e10-11b86ab75c1e,3,
12411,靴,7ab8f19c-0f9f-441b-826a-fc0f86367a56,3,
12411,手,2b89ea1a-e3d7-481a-ac3a-343bcc6d3923,3,
12411,首,3a104bac-ba34-4c5e-bc0e-97e7ccb460d7,3,
12411,服,15d83301-5bf2-4357-ade5-e559186f7800,3,
12411,服,be5fce17-9574-4c18-803b-c0a90cace9d1,3,
12412,武器,34568c2e-e903-4194-b4ed-8a8fada89247,4,
12412,盾,fb54de45-7dc6-485c-b4eb-2e5da1a4c163,4,
12412,頭,4e1d1b0a-7dc6-445b-8ade-9b7a834a4137,4,
12412,背,ee15ebd2-66b6-4675-9e10-11b86ab75c1e,4,
12412,靴,7ab8f19c-0f9f-441b-826a-fc0f86367a56,4,
12412,手,2b89ea1a-e3d7-481a-ac3a-343bcc6d3923,4,
12412,首,3a104bac-ba34-4c5e-bc0e-97e7ccb460d7,4,
12412,服,15d83301-5bf2-4357-ade5-e559186f7800,4,
12412,服,be5fce17-9574-4c18-803b-c0a90cace9d1,4,
12420,武器,02acdf99-ef8a-42fb-8221-7dac076d85cb,2,
12420,盾,23bef2a3-7966-48c0-9a83-e761b711cef1,2,
12420,頭,3e883a37-de04-473c-a7c5-22b33755cf27,2,
12420,背,f2f7ebb7-f84c-4520-9e29-7a74b64cc7ac,2,
12420,靴,668f04b0-0ded-4e47-8330-2ef61a5ea7cd,2,
12420,手,600e7d10-d98f-430b-9879-e8aa6e899620,2,
12420,首,3005440e-0d5e-480e-8d7a-3a4252e2b624,2,
12420,服,5ba0a454-2655-425c-9515-831f26fe0e36,2,
12420,服,ac238064-eed2-4fa4-8e52-aeb42057817a,2,
12421,武器,02acdf99-ef8a-42fb-8221-7dac076d85cb,3,
12421,盾,23bef2a3-7966-48c0-9a83-e761b711cef1,3,
12421,頭,3e883a37-de04-473c-a7c5-22b33755cf27,3,
12421,背,f2f7ebb7-f84c-4520-9e29-7a74b64cc7ac,3,
12421,靴,668f04b0-0ded-4e47-8330-2ef61a5ea7cd,3,
12421,手,600e7d10-d98f-430b-9879-e8aa6e899620,3,
12421,首,3005440e-0d5e-480e-8d7a-3a4252e2b624,3,
12421,服,5ba0a454-2655-425c-9515-831f26fe0e36,3,
12421,服,ac238064-eed2-4fa4-8e52-aeb42057817a,3,
12422,武器,02acdf99-ef8a-42fb-8221-7dac076d85cb,4,
12422,盾,23bef2a3-7966-48c0-9a83-e761b711cef1,4,
12422,頭,3e883a37-de04-473c-a7c5-22b33755cf27,4,
12422,背,f2f7ebb7-f84c-4520-9e29-7a74b64cc7ac,4,
12422,靴,668f04b0-0ded-4e47-8330-2ef61a5ea7cd,4,
12422,手,600e7d10-d98f-430b-9879-e8aa6e899620,4,
12422,首,3005440e-0d5e-480e-8d7a-3a4252e2b624,4,
12422,服,5ba0a454-2655-425c-9515-831f26fe0e36,4,
12422,服,ac238064-eed2-4fa4-8e52-aeb42057817a,4,
12430,武器,8370d36f-9d42-4a31-bb4b-9b08b30316f1,2,
12430,盾,430c14dd-ede6-4138-a369-be49c49e3eba,2,
12430,頭,459d5143-6d5d-4a97-b5bd-ebf437e404ec,2,
12430,背,846f76ab-53a9-4c59-83fa-de2422a9d98d,2,
12430,靴,66aa2e54-d284-4d88-9750-b73f8a7ecdad,2,
12430,手,b63b252e-e672-4205-9442-257df95d9492,2,
12430,首,c80c701d-95f8-475f-9798-37adee6a9325,2,
12430,服,5f631d88-98dc-487f-b582-c30ea93425b6,2,
12430,服,20424ca6-e75c-4974-ad63-c0fb0e7a86d3,2,
12431,武器,8370d36f-9d42-4a31-bb4b-9b08b30316f1,3,
12431,盾,430c14dd-ede6-4138-a369-be49c49e3eba,3,
12431,頭,459d5143-6d5d-4a97-b5bd-ebf437e404ec,3,
12431,背,846f76ab-53a9-4c59-83fa-de2422a9d98d,3,
12431,靴,66aa2e54-d284-4d88-9750-b73f8a7ecdad,3,
12431,手,b63b252e-e672-4205-9442-257df95d9492,3,
12431,首,c80c701d-95f8-475f-9798-37adee6a9325,3,
12431,服,5f631d88-98dc-487f-b582-c30ea93425b6,3,
12431,服,20424ca6-e75c-4974-ad63-c0fb0e7a86d3,3,
12432,武器,8370d36f-9d42-4a31-bb4b-9b08b30316f1,4,
12432,盾,430c14dd-ede6-4138-a369-be49c49e3eba,4,
12432,頭,459d5143-6d5d-4a97-b5bd-ebf437e404ec,4,
12432,背,846f76ab-53a9-4c59-83fa-de2422a9d98d,4,
12432,靴,66aa2e54-d284-4d88-9750-b73f8a7ecdad,4,
12432,手,b63b252e-e672-4205-9442-257df95d9492,4,
12432,首,c80c701d-95f8-475f-9798-37adee6a9325,4,
12432,服,5f631d88-98dc-487f-b582-c30ea93425b6,4,
13000,頭,8f7fb9ea-f582-4e8f-bc1f-fcd47cc0470b,3,
13000,頭,529c5839-1ddb-488a-9766-8d768faaa9a3,3,
13000,頭,f73998bc-7b67-42e3-a82a-e37be5be549b,3,
13000,頭,809da2b9-92f3-4fa4-be3b-40ad52e4c397,3,
13000,靴,539c18da-e03c-4a27-862e-56504c14366a,3,
13000,靴,5a1dada7-c1b6-4716-99c7-adcc04739cd3,3,
13000,靴,b74186c5-5d0e-4262-b7a7-8648d1310845,3,
13000,靴,b24d2a3e-8cb9-4155-99c9-fb35f074249d,3,
13000,服,20424ca6-e75c-4974-ad63-c0fb0e7a86d3,4,
13000,服,393587e6-80b7-4c01-868f-7a7b7db612a8,3,
13000,服,3921a76b-faef-4966-8790-21e4237f04f6,3,
13000,服,4f76e6f5-b74b-4b28-b1b0-3bafc747c57e,3,
13000,服,d3f8a093-4d16-40f3-8135-55c027d8484d,3,
13100,靴,091c0d7b-c1e7-4751-b106-8f7fb80fa638,3,
13100,手,12d18f20-50f2-4cc6-89ce-c9bfb53599da,3,
13100,服,2fee8ef5-b150-4a2d-b221-19790871b34a,3,
13100,服,0a2f5bf9-52ba-43aa-a3b1-5644b344dab5,3,
13100,服,d86eed3e-f5ba-4ac4-9492-b31cd63156fe,3,
13100,服,6b0c9102-f810-4659-ad47-79268ca52793,3,
13101,靴,15174868-63ff-49e0-b81f-a62522788255,3,
13101,手,0fa9e21d-0b3b-4308-9ee7-348f08df8510,3,
13101,服,caa82f60-de3b-4f70-acb1-8cfb3dd7ab47,3,
13101,服,cfd4f237-d457-4986-a991-565a9ddcb0fa,3,
13101,服,48488b27-1e5e-43b1-b302-1e21f24739bd,3,
13101,服,0978ddc4-7bff-4986-a1a5-cb772f7c48b2,3,
13102,靴,80a7e685-0671-4e74-88a7-bf0956928c47,3,
13102,手,2eb9c107-c0c6-4f14-b861-7b7038946119,3,
13102,服,5f621987-4d94-43a7-9e38-3c5759ac5cf1,3,
13102,服,e47a31f7-df03-4533-88af-295100143752,3,
13102,服,2a8c9285-89c1-4cf2-ad2c-cec191834e1c,3,
13102,服,b1f0bad1-7af1-4818-847b-55fe50aa08dc,3,
13103,靴,097b76b5-3063-42a2-a616-d9b3041c5d90,3,
13103,手,d71bc8d9-4607-40f3-9e24-a1c79d6cb4ee,3,
13103,服,e76b065f-63e2-445c-bd5f-f7462c826b45,3,
13103,服,d34aee08-36f9-4f55-a647-ea40b68f2bfc,3,
13103,服,7a440ec4-4456-49de-b860-601dd56fdba6,3,
13103,服,92932bbf-7bd1-4856-98df-c516e4f38b67,3,
20400,武器,23210f84-a4a1-4fba-93fb-07eb1f19f0bb,3,
20400,武器,ad9485e5-118f-4c44-99bb-d6c6e3e8ed95,3,
20400,武器,1f4aa179-d9a7-4521-ba65-57e806f46dd1,3,
20400,武器,da565d98-5d00-4894-8797-4d4d28e46214,3,
20400,盾,c6473af9-7807-450c-909c-623a1590aa03,3,
20400,盾,397aac6d-d797-4455-86fc-90f14fc88ecd,3,
20400,盾,0f27df75-47cd-42d0-ba4a-3bee780b2b63,3,
20400,盾,d75bbd4a-9ab1-4338-9546-863858ec6bb3,3,
20400,頭,68d914f5-c9a4-4274-a28f-472433365bee,3,
20400,頭,5b37e308-7f0e-4f27-b504-422ad47bdad1,3,
20400,頭,fccb71fb-ad0c-4de2-9939-57d93ff2d41d,3,
20400,頭,6a2f433b-c685-495e-b882-118e15610206,3,
20400,背,9db1206f-56bc-438a-a4f7-e6ecb30bee30,3,
20400,背,6ebc2540-589f-41a9-824b-65f3e6e4ff1d,3,
20400,背,c6a2c504-adce-4055-9596-eb647946e184,3,
20400,背,33668904-8f59-45d3-8978-aa1241e9d69e,3,
20400,服,9f11bb31-f048-4b5b-ad25-37da6b37687d,3,
20400,服,01cf5070-555a-4d4f-a2c8-3e325e78947d,3,
20400,服,1d28c029-a2e1-4479-93d3-af22e67e026b,3,
20400,服,6b86d57a-0b6d-4cc5-a8dd-4799dc516efa,3,
20400,靴,0ced4e0a-e787-40b9-a2e8-e4b94c0f20bb,3,
20400,靴,4e3a6e8c-3cdc-46c7-a071-57ac0ce8f5f5,3,
20400,靴,0d66e8a2-5bd3-4c8f-b0de-655bfbbce407,3,
20400,靴,ea2ca7b9-f2ad-4823-9450-815a54d0a610,3,
20400,手,18e8ab9a-6dd6-412f-a53d-d2e12a592994,3,
20400,手,6fb38da4-dc55-41fa-84c0-4c073c9865d3,3,
20400,手,a219e704-3022-4ca4-bc28-d9b585c6a981,3,
20400,手,c1a9af70-eb3a-4ff6-8046-c6e8e1f5f562,3,
20400,首,556e0ce6-1eb0-44d5-9d2f-6ff17dcab9e2,3,
20400,首,4b1a2afb-db8f-43ea-b402-70a249a9c539,3,
20400,首,9744a001-6332-4f94-9666-063bdf6a5f49,3,
20400,首,4753e635-6c03-4fab-a847-2bf38718f943,3,
20401,武器,23210f84-a4a1-4fba-93fb-07eb1f19f0bb,5,
20401,武器,ad9485e5-118f-4c44-99bb-d6c6e3e8ed95,5,
20401,武器,1f4aa179-d9a7-4521-ba65-57e806f46dd1,5,
20401,武器,da565d98-5d00-4894-8797-4d4d28e46214,5,
20401,盾,c6473af9-7807-450c-909c-623a1590aa03,5,
20401,盾,397aac6d-d797-4455-86fc-90f14fc88ecd,5,
20401,盾,0f27df75-47cd-42d0-ba4a-3bee780b2b63,5,
20401,盾,d75bbd4a-9ab1-4338-9546-863858ec6bb3,5,
20401,頭,68d914f5-c9a4-4274-a28f-472433365bee,5,
20401,頭,5b37e308-7f0e-4f27-b504-422ad47bdad1,5,
20401,頭,fccb71fb-ad0c-4de2-9939-57d93ff2d41d,5,
20401,頭,6a2f433b-c685-495e-b882-118e15610206,5,
20401,背,9db1206f-56bc-438a-a4f7-e6ecb30bee30,5,
20401,背,6ebc2540-589f-41a9-824b-65f3e6e4ff1d,5,
20401,背,c6a2c504-adce-4055-9596-eb647946e184,5,
20401,背,33668904-8f59-45d3-8978-aa1241e9d69e,5,
20401,服,9f11bb31-f048-4b5b-ad25-37da6b37687d,5,
20401,服,01cf5070-555a-4d4f-a2c8-3e325e78947d,5,
20401,服,1d28c029-a2e1-4479-93d3-af22e67e026b,5,
20401,服,6b86d57a-0b6d-4cc5-a8dd-4799dc516efa,5,
20401,靴,0ced4e0a-e787-40b9-a2e8-e4b94c0f20bb,5,
20401,靴,4e3a6e8c-3cdc-46c7-a071-57ac0ce8f5f5,5,
20401,靴,0d66e8a2-5bd3-4c8f-b0de-655bfbbce407,5,
20401,靴,ea2ca7b9-f2ad-4823-9450-815a54d0a610,5,
20401,手,18e8ab9a-6dd6-412f-a53d-d2e12a592994,5,
20401,手,6fb38da4-dc55-41fa-84c0-4c073c9865d3,5,
20401,手,a219e704-3022-4ca4-bc28-d9b585c6a981,5,
20401,手,c1a9af70-eb3a-4ff6-8046-c6e8e1f5f562,5,
20401,首,556e0ce6-1eb0-44d5-9d2f-6ff17dcab9e2,5,
20401,首,4b1a2afb-db8f-43ea-b402-70a249a9c539,5,
20401,首,9744a001-6332-4f94-9666-063bdf6a5f49,5,
20401,首,4753e635-6c03-4fab-a847-2bf38718f943,5,
20410,武器,d506d6cb-b9ce-41e2-a388-777b70ba5521,3,
20410,武器,a3cf964c-2925-4088-b3d1-aa0421df5bb0,3,
20410,武器,9c3982cc-cd20-438b-b6f2-27c9248eae6f,3,
20410,武器,b33ea7d3-fd09-4150-a99b-eae307881b6c,3,
20410,武器,e907f5cb-d017-42c7-92a8-03d05609f2f7,3,
20410,武器,dfe3f48c-247d-4110-b618-9937dff41e8c,3,
20410,武器,8c14f0c8-0ffe-4122-b012-7630e6d6748b,3,
20410,武器,9d40a90b-8d27-4215-8d9f-052a0f00b0a2,3,
20410,盾,5031922e-9825-4795-ad17-c81c0ca58eb6,3,
20410,盾,084b5e99-7bf3-4b09-a426-6baf7257a714,3,
20410,盾,88a4e120-eac6-49b1-9c7c-f343293b19e1,3,
20410,盾,5a299362-1b49-4afb-8d3c-a5d6bb54c661,3,
20410,盾,3357f92f-af29-4d88-b25b-ff716d37cf43,3,
20410,盾,86f9fbea-365b-45fd-a9e9-831cc54a7071,3,
20410,盾,20b43b16-ef47-4bd4-aee3-2cd015bbc43e,3,
20410,盾,f9fd5646-1b2f-4783-bc31-6bdd522e6e9e,3,
20410,頭,d6d3c6fd-e6ec-4a2b-b9f0-2cd429c32e11,3,
20410,頭,6fbfc45a-3a01-40bc-9d1f-f95df0256d9a,3,
20410,頭,f65e5092-fda5-423b-b1b6-58c82ca04e95,3,
20410,頭,e030d1f9-a057-4e82-bea6-3cfbf9b80f3c,3,
20410,頭,020ede67-0f3e-4dcf-bc0a-0b08b9172e2b,3,
20410,頭,9dd6858e-dbde-4c17-9b6a-222bc551eeaf,3,
20410,頭,3355d211-2acb-4514-a7cc-cde5fdb99300,3,
20410,頭,e8ac89d4-2a33-4270-bf00-ec237266c27d,3,
20410,背,cb3f344f-a578-4393-ae68-9fb4ca12b3da,3,
20410,背,c8b5066a-088d-4c94-809b-ec04ae53fc1e,3,
20410,背,15d29758-d53c-4c10-a22c-da0a39f3b2e5,3,
20410,背,aff81c73-ea70-428d-8c72-c64dd7a5de94,3,
20410,背,e19bb008-96c6-4897-a72b-706872439e93,3,
20410,背,002fd6ca-dd20-41f2-9c84-86979e40153f,3,
20410,背,8b4670ce-cb56-478d-9948-d5f3fb31e09b,3,
20410,背,dc086e88-a8ee-4072-84f4-475504bae713,3,
20410,服,9c8b1297-c67b-4baf-8efe-f3d862fdb41f,3,
20410,服,b0450ee9-3f2c-4efe-b51f-6cae570231c9,3,
20410,服,13966058-bb14-48ad-baea-9e73ec929170,3,
20410,服,01dddca9-d789-45f9-80ed-c9a30878c04a,3,
20410,服,1e58668a-a32a-499b-9c79-cd2ae1b03edc,3,
20410,服,cd685468-7676-4b54-9ca9-02e1ca676060,3,
20410,服,be62130b-ece9-49f8-8d32-357ed6e09a63,3,
20410,服,264ec170-ce04-435c-ad87-73242a385c0f,3,
20410,靴,6d0092ff-d7af-462f-ab05-14289df0b455,3,
20410,靴,e6dbe5a5-3768-4d99-a3c4-87cff6e5f305,3,
20410,靴,47ea2789-b0e9-4086-86c3-13a7afc1739d,3,
20410,靴,c522917d-ea21-49fc-a7ae-3a1a97d2b34f,3,
20410,靴,82302498-53e2-44f0-8055-81005a52a5d8,3,
20410,靴,95aa3a66-fba8-4b21-968f-90a9ef7a173a,3,
20410,靴,b4a353dc-a74a-4fc3-980a-ee41c9c3e11a,3,
20410,靴,d15136a7-1623-40a4-9431-12545950ee61,3,
20410,手,87c48816-3c46-4e73-89da-610a9461b4b7,3,
20410,手,5c8ca3b4-cef1-4a43-866b-6c886ab912ef,3,
20410,手,514a6063-6bd5-4daf-9827-46b63b85a076,3,
20410,手,2d2704df-e8ff-4b68-a662-171d0b5d1288,3,
20410,手,e551b71f-c8e8-46be-b326-ad7f7d8a124f,3,
20410,手,e4c0ee9c-d852-4c4c-925b-256734167bfe,3,
20410,手,9b76a415-347c-407f-b862-cc8fbce4eee6,3,
20410,手,a296a56f-1b1f-43f7-b9c1-a6009cdd281f,3,
20410,首,c13fb90d-c044-4b63-9350-3b05c5e85b82,3,
20410,首,57f48fc4-c3ed-4d5d-b1ae-0b43d92b4c3c,3,
20410,首,e693da12-ade0-4870-8a0c-22406861f1ed,3,
20410,首,207be4b0-4c07-42c9-aaa5-02b82587b97d,3,
20410,首,438f0195-1223-4e4f-912e-a2c99bc33b44,3,
20410,首,421c3a9f-4431-4a0e-82e8-be7ca8205495,3,
20410,首,c9ddfcb5-021b-4824-8a7b-f24c158876b4,3,
20410,首,c63115c2-f3b1-456e-aa46-6564044e232b,3,
20411,武器,d506d6cb-b9ce-41e2-a388-777b70ba5521,5,
20411,武器,a3cf964c-2925-4088-b3d1-aa0421df5bb0,5,
20411,武器,9c3982cc-cd20-438b-b6f2-27c9248eae6f,5,
20411,武器,b33ea7d3-fd09-4150-a99b-eae307881b6c,5,
20411,武器,e907f5cb-d017-42c7-92a8-03d05609f2f7,5,
20411,武器,dfe3f48c-247d-4110-b618-9937dff41e8c,5,
20411,武器,8c14f0c8-0ffe-4122-b012-7630e6d6748b,5,
20411,武器,9d40a90b-8d27-4215-8d9f-052a0f00b0a2,5,
20411,盾,5031922e-9825-4795-ad17-c81c0ca58eb6,5,
20411,盾,084b5e99-7bf3-4b09-a426-6baf7257a714,5,
20411,盾,88a4e120-eac6-49b1-9c7c-f343293b19e1,5,
20411,盾,5a299362-1b49-4afb-8d3c-a5d6bb54c661,5,
20411,盾,3357f92f-af29-4d88-b25b-ff716d37cf43,5,
20411,盾,86f9fbea-365b-45fd-a9e9-831cc54a7071,5,
20411,盾,20b43b16-ef47-4bd4-aee3-2cd015bbc43e,5,
20411,盾,f9fd5646-1b2f-4783-bc31-6bdd522e6e9e,5,
20411,頭,d6d3c6fd-e6ec-4a2b-b9f0-2cd429c32e11,5,
20411,頭,6fbfc45a-3a01-40bc-9d1f-f95df0256d9a,5,
20411,頭,f65e5092-fda5-423b-b1b6-58c82ca04e95,5,
20411,頭,e030d1f9-a057-4e82-bea6-3cfbf9b80f3c,5,
20411,頭,020ede67-0f3e-4dcf-bc0a-0b08b9172e2b,5,
20411,頭,9dd6858e-dbde-4c17-9b6a-222bc551eeaf,5,
20411,頭,3355d211-2acb-4514-a7cc-cde5fdb99300,5,
20411,頭,e8ac89d4-2a33-4270-bf00-ec237266c27d,5,
20411,背,cb3f344f-a578-4393-ae68-9fb4ca12b3da,5,
20411,背,c8b5066a-088d-4c94-809b-ec04ae53fc1e,5,
20411,背,15d29758-d53c-4c10-a22c-da0a39f3b2e5,5,
20411,背,aff81c73-ea70-428d-8c72-c64dd7a5de94,5,
20411,背,e19bb008-96c6-4897-a72b-706872439e93,5,
20411,背,002fd6ca-dd20-41f2-9c84-86979e40153f,5,
20411,背,8b4670ce-cb56-478d-9948-d5f3fb31e09b,5,
20411,背,dc086e88-a8ee-4072-84f4-475504bae713,5,
20411,服,9c8b1297-c67b-4baf-8efe-f3d862fdb41f,5,
20411,服,b0450ee9-3f2c-4efe-b51f-6cae570231c9,5,
20411,服,13966058-bb14-48ad-baea-9e73ec929170,5,
20411,服,01dddca9-d789-45f9-80ed-c9a30878c04a,5,
20411,服,1e58668a-a32a-499b-9c79-cd2ae1b03edc,5,
20411,服,cd685468-7676-4b54-9ca9-02e1ca676060,5,
20411,服,be62130b-ece9-49f8-8d32-357ed6e09a63,5,
20411,服,264ec170-ce04-435c-ad87-73242a385c0f,5,
20411,靴,6d0092ff-d7af-462f-ab05-14289df0b455,5,
20411,靴,e6dbe5a5-3768-4d99-a3c4-87cff6e5f305,5,
20411,靴,47ea2789-b0e9-4086-86c3-13a7afc1739d,5,
20411,靴,c522917d-ea21-49fc-a7ae-3a1a97d2b34f,5,
20411,靴,82302498-53e2-44f0-8055-81005a52a5d8,5,
20411,靴,95aa3a66-fba8-4b21-968f-90a9ef7a173a,5,
20411,靴,b4a353dc-a74a-4fc3-980a-ee41c9c3e11a,5,
20411,靴,d15136a7-1623-40a4-9431-12545950ee61,5,
20411,手,87c48816-3c46-4e73-89da-610a9461b4b7,5,
20411,手,5c8ca3b4-cef1-4a43-866b-6c886ab912ef,5,
20411,手,514a6063-6bd5-4daf-9827-46b63b85a076,5,
20411,手,2d2704df-e8ff-4b68-a662-171d0b5d1288,5,
20411,手,e551b71f-c8e8-46be-b326-ad7f7d8a124f,5,
20411,手,e4c0ee9c-d852-4c4c-925b-256734167bfe,5,
20411,手,9b76a415-347c-407f-b862-cc8fbce4eee6,5,
20411,手,a296a56f-1b1f-43f7-b9c1-a6009cdd281f,5,
20411,首,c13fb90d-c044-4b63-9350-3b05c5e85b82,5,
20411,首,57f48fc4-c3ed-4d5d-b1ae-0b43d92b4c3c,5,
20411,首,e693da12-ade0-4870-8a0c-22406861f1ed,5,
20411,首,207be4b0-4c07-42c9-aaa5-02b82587b97d,5,
20411,首,438f0195-1223-4e4f-912e-a2c99bc33b44,5,
20411,首,421c3a9f-4431-4a0e-82e8-be7ca8205495,5,
20411,首,c9ddfcb5-021b-4824-8a7b-f24c158876b4,5,
20411,首,c63115c2-f3b1-456e-aa46-6564044e232b,5,
20500,武器,7cc751d8-7101-4a71-964b-a3ca3097b411,3,
20500,武器,1912bfb8-b158-4447-87fe-8efc02979fe7,3,
20500,盾,6bc82184-e370-4177-9c55-70f8d9350be4,3,
20500,盾,be31892f-2510-4f24-9b40-666e35614365,3,
20500,頭,62f2dfd3-ab90-41a2-bd6d-6155693941b7,3,
20500,頭,cda9eef7-546f-4aa8-bb18-9f6550e43118,3,
20500,頭,a944ce8a-8e3f-49d0-ade6-3d1e004c6f09,3,
20500,頭,e5c982d7-9115-40af-acf3-543eb4b055ce,3,
20500,背,5005d526-0178-45de-b8a3-31808f029d30,3,
20500,背,d275bb39-20de-421f-ada3-57964c6caa1c,3,
20500,背,ee970804-f365-48b6-880e-f70ab9923002,3,
20500,背,a8e44ae5-5c12-414b-a1d7-0bba4f736a4e,3,
20500,服,5e11ad57-64d6-422f-b616-0d0a8bb5cea9,3,
20500,服,4a06bfe0-db62-4e26-b94d-ea8a8b794656,3,
20500,服,737caa93-7eb9-4ade-8bbd-b7c133b85be2,3,
20500,服,65ec2627-8851-4c71-b92b-1ea4b57e3431,3,
20500,靴,c02373de-f488-4fc7-81f0-41d705deca96,3,
20500,靴,82af246c-6025-4229-b3da-868d5398e165,3,
20500,靴,c777b4c7-e734-406c-a840-7d22d42eb99d,3,
20500,靴,634aba6f-cbe2-410f-b522-893904a382eb,3,
20500,手,2f9fd150-d76f-402d-8da5-35d1c789baba,3,
20500,手,12e30685-2e5f-4c00-8b08-2b89b5322e85,3,
20500,手,6b3ec8a2-25eb-4640-8767-39e0c86f3512,3,
20500,手,2c28ee01-2c72-4826-8af4-a9a8bd100339,3,
20500,首,671bdb81-8bb5-4370-93db-2db904f84d16,3,
20500,首,07f2aee9-2ca1-4dd9-bb23-2d59cf7ff02a,3,
20500,首,2440bfb3-94e6-411c-acfe-03eb5b0475ff,3,
20500,首,b9b54802-ffd6-48b6-974c-4330c7498001,3,
20501,武器,7cc751d8-7101-4a71-964b-a3ca3097b411,5,
20501,武器,1912bfb8-b158-4447-87fe-8efc02979fe7,5,
20501,盾,6bc82184-e370-4177-9c55-70f8d9350be4,5,
20501,盾,be31892f-2510-4f24-9b40-666e35614365,5,
20501,頭,62f2dfd3-ab90-41a2-bd6d-6155693941b7,5,
20501,頭,cda9eef7-546f-4aa8-bb18-9f6550e43118,5,
20501,頭,a944ce8a-8e3f-49d0-ade6-3d1e004c6f09,5,
20501,頭,e5c982d7-9115-40af-acf3-543eb4b055ce,5,
20501,背,5005d526-0178-45de-b8a3-31808f029d30,5,
20501,背,d275bb39-20de-421f-ada3-57964c6caa1c,5,
20501,背,ee970804-f365-48b6-880e-f70ab9923002,5,
20501,背,a8e44ae5-5c12-414b-a1d7-0bba4f736a4e,5,
20501,服,5e11ad57-64d6-422f-b616-0d0a8bb5cea9,5,
20501,服,4a06bfe0-db62-4e26-b94d-ea8a8b794656,5,
20501,服,737caa93-7eb9-4ade-8bbd-b7c133b85be2,5,
20501,服,65ec2627-8851-4c71-b92b-1ea4b57e3431,5,
20501,靴,c02373de-f488-4fc7-81f0-41d705deca96,5,
20501,靴,82af246c-6025-4229-b3da-868d5398e165,5,
20501,靴,c777b4c7-e734-406c-a840-7d22d42eb99d,5,
20501,靴,634aba6f-cbe2-410f-b522-893904a382eb,5,
20501,手,2f9fd150-d76f-402d-8da5-35d1c789baba,5,
20501,手,12e30685-2e5f-4c00-8b08-2b89b5322e85,5,
20501,手,6b3ec8a2-25eb-4640-8767-39e0c86f3512,5,
20501,手,2c28ee01-2c72-4826-8af4-a9a8bd100339,5,
20501,首,671bdb81-8bb5-4370-93db-2db904f84d16,5,
20501,首,07f2aee9-2ca1-4dd9-bb23-2d59cf7ff02a,5,
20501,首,2440bfb3-94e6-411c-acfe-03eb5b0475ff,5,
20501,首,b9b54802-ffd6-48b6-974c-4330c7498001,5,
20510,武器,3a35f2fe-34bc-4f36-908f-4f0949438d94,3,
20510,武器,79fcb707-ae62-481c-8b17-ebf9cce7915b,3,
20510,武器,5d1dee48-eb4e-41f0-a353-987b1753c971,3,
20510,武器,a85d561c-0a33-4da5-a9e5-379fbbe58362,3,
20510,盾,4275177c-6429-4679-a6ca-9274dfe3ffaf,3,
20510,盾,2a39b285-af19-4fe7-be57-bd2c8722ad3b,3,
20510,盾,6ff6f9ae-968b-4d02-bdf1-551d2ee4389f,3,
20510,盾,e0b3b966-951e-4e3b-b253-587ab5262fcb,3,
20510,頭,18afe2b3-5601-40fb-a120-ddc4d896d382,3,
20510,頭,0f8b3b4b-e0e9-447d-9d89-1b5015c4f64a,3,
20510,頭,768e121c-fdad-4e37-8070-b897ed39f320,3,
20510,頭,95f8bc8c-6189-4940-8225-e79c07dc1096,3,
20510,頭,e4fa9d36-f5fb-497c-acfc-a84d0fd91de4,3,
20510,頭,bf663493-0b92-43bd-9838-85ebba3aae7f,3,
20510,頭,1ab361bc-1b56-4f81-aad8-94bbdace8029,3,
20510,頭,7a77d623-4981-4fd2-9014-78520bcc2b68,3,
20510,背,09ff4614-c6eb-4d09-9665-10e6d2deb35a,3,
20510,背,7cec9c66-97c0-49f0-a6d6-38415de6f74d,3,
20510,背,95378781-f17f-48f3-8bbd-6befdf8036dd,3,
20510,背,b48ee088-cb78-4edf-86de-19e614508d14,3,
20510,背,14811bda-95c2-446f-b7c8-13b612a12f94,3,
20510,背,467b0fee-6118-4d1c-84eb-fd5b1d5355ad,3,
20510,背,593d71ed-1c80-45c5-872a-435b1f65256f,3,
20510,背,9c6ba52f-cfb8-47c1-92f6-6721cab11aec,3,
20510,靴,1bcb4b5c-2025-4681-90ab-57b7310bf4e8,3,
20510,靴,c5023f23-0bf9-415f-9a84-b81a956892c1,3,
20510,靴,b7bb4a24-4f98-4682-a263-9b6d8802b539,3,
20510,靴,453e44fd-ee5c-4c84-b444-049c49cde4ca,3,
20510,靴,ad6a3946-6129-4a24-be1a-275053f6ed2c,3,
20510,靴,d1f14d18-1454-4964-8b8a-efe2e6c11316,3,
20510,靴,9f4a8ea5-dc45-4e7d-ac09-4efb05c3213e,3,
20510,靴,df238162-f76b-4908-b02b-e1c9a262b710,3,
20510,手,4cb3c2e7-ee13-438a-a350-0ba61758fa3d,3,
20510,手,4026c3c2-30dd-4300-a54b-39cb0206b8bd,3,
20510,手,2a8996bc-f808-453f-ab74-87617d6b0988,3,
20510,手,046a7cc8-8181-440d-bc3f-42bc2542ca0d,3,
20510,手,3731694a-7316-41fd-8646-e5306d0da173,3,
20510,手,e653a19f-84b6-408a-87f3-35d80a6924da,3,
20510,手,21df5547-e18b-44a7-8093-dfd222e2f79e,3,
20510,手,23b3c915-a9f7-4291-bc21-033ef5207223,3,
20510,首,71f4cb5c-1694-4112-b27d-36c63939f9e6,3,
20510,首,8cd06bad-d4ea-49bd-86b7-71e4f7281c5f,3,
20510,首,038da3b4-fc52-4371-974d-0e0ab05b6ff5,3,
20510,首,b593744c-f9d9-446b-a1ee-e0d63080c28a,3,
20510,首,7029c09d-e182-40db-b0d7-db5d4b7bb2d8,3,
20510,首,20458846-8795-4890-afec-110212df7db0,3,
20510,首,f54df405-06ac-49d8-9e6f-a9bc7ca97e45,3,
20510,首,6b371114-fc70-4013-b98e-85ebd7da9f69,3,
20510,服,ab9cea82-8709-4597-92e8-3fb4af193e21,3,
20510,服,a124e854-f05a-4f5b-8df5-a7ce5483f837,3,
20510,服,a2c4b964-d3a6-40d6-a832-52bad61e4645,3,
20510,服,2abbcce7-3a40-4d41-974d-ce2e85d92067,3,
20510,服,1f0e59ef-97eb-4474-9c8b-a4d1f494d5bc,3,
20510,服,6ca70b5b-e242-4c56-967e-c44df29b1888,3,
20510,服,73a66885-79c6-4391-9376-327e77de840a,3,
20510,服,2c1c5643-cf54-403d-a2cf-595cf419442e,3,
20511,武器,3a35f2fe-34bc-4f36-908f-4f0949438d94,5,
20511,武器,79fcb707-ae62-481c-8b17-ebf9cce7915b,5,
20511,武器,5d1dee48-eb4e-41f0-a353-987b1753c971,5,
20511,武器,a85d561c-0a33-4da5-a9e5-379fbbe58362,5,
20511,盾,4275177c-6429-4679-a6ca-9274dfe3ffaf,5,
20511,盾,2a39b285-af19-4fe7-be57-bd2c8722ad3b,5,
20511,盾,6ff6f9ae-968b-4d02-bdf1-551d2ee4389f,5,
20511,盾,e0b3b966-951e-4e3b-b253-587ab5262fcb,5,
20511,頭,18afe2b3-5601-40fb-a120-ddc4d896d382,5,
20511,頭,0f8b3b4b-e0e9-447d-9d89-1b5015c4f64a,5,
20511,頭,768e121c-fdad-4e37-8070-b897ed39f320,5,
20511,頭,95f8bc8c-6189-4940-8225-e79c07dc1096,5,
20511,頭,e4fa9d36-f5fb-497c-acfc-a84d0fd91de4,5,
20511,頭,bf663493-0b92-43bd-9838-85ebba3aae7f,5,
20511,頭,1ab361bc-1b56-4f81-aad8-94bbdace8029,5,
20511,頭,7a77d623-4981-4fd2-9014-78520bcc2b68,5,
20511,背,09ff4614-c6eb-4d09-9665-10e6d2deb35a,5,
20511,背,7cec9c66-97c0-49f0-a6d6-38415de6f74d,5,
20511,背,95378781-f17f-48f3-8bbd-6befdf8036dd,5,
20511,背,b48ee088-cb78-4edf-86de-19e614508d14,5,
20511,背,14811bda-95c2-446f-b7c8-13b612a12f94,5,
20511,背,467b0fee-6118-4d1c-84eb-fd5b1d5355ad,5,
20511,背,593d71ed-1c80-45c5-872a-435b1f65256f,5,
20511,背,9c6ba52f-cfb8-47c1-92f6-6721cab11aec,5,
20511,靴,1bcb4b5c-2025-4681-90ab-57b7310bf4e8,5,
20511,靴,c5023f23-0bf9-415f-9a84-b81a956892c1,5,
20511,靴,b7bb4a24-4f98-4682-a263-9b6d8802b539,5,
20511,靴,453e44fd-ee5c-4c84-b444-049c49cde4ca,5,
20511,靴,ad6a3946-6129-4a24-be1a-275053f6ed2c,5,
20511,靴,d1f14d18-1454-4964-8b8a-efe2e6c11316,5,
20511,靴,9f4a8ea5-dc45-4e7d-ac09-4efb05c3213e,5,
20511,靴,df238162-f76b-4908-b02b-e1c9a262b710,5,
20511,手,4cb3c2e7-ee13-438a-a350-0ba61758fa3d,5,
20511,手,4026c3c2-30dd-4300-a54b-39cb0206b8bd,5,
20511,手,2a8996bc-f808-453f-ab74-87617d6b0988,5,
20511,手,046a7cc8-8181-440d-bc3f-42bc2542ca0d,5,
20511,手,3731694a-7316-41fd-8646-e5306d0da173,5,
20511,手,e653a19f-84b6-408a-87f3-35d80a6924da,5,
20511,手,21df5547-e18b-44a7-8093-dfd222e2f79e,5,
20511,手,23b3c915-a9f7-4291-bc21-033ef5207223,5,
20511,首,71f4cb5c-1694-4112-b27d-36c63939f9e6,5,
20511,首,8cd06bad-d4ea-49bd-86b7-71e4f7281c5f,5,
20511,首,038da3b4-fc52-4371-974d-0e0ab05b6ff5,5,
20511,首,b593744c-f9d9-446b-a1ee-e0d63080c28a,5,
20511,首,7029c09d-e182-40db-b0d7-db5d4b7bb2d8,5,
20511,首,20458846-8795-4890-afec-110212df7db0,5,
20511,首,f54df405-06ac-49d8-9e6f-a9bc7ca97e45,5,
20511,首,6b371114-fc70-4013-b98e-85ebd7da9f69,5,
20511,服,ab9cea82-8709-4597-92e8-3fb4af193e21,5,
20511,服,a124e854-f05a-4f5b-8df5-a7ce5483f837,5,
20511,服,a2c4b964-d3a6-40d6-a832-52bad61e4645,5,
20511,服,2abbcce7-3a40-4d41-974d-ce2e85d92067,5,
20511,服,1f0e59ef-97eb-4474-9c8b-a4d1f494d5bc,5,
20511,服,6ca70b5b-e242-4c56-967e-c44df29b1888,5,
20511,服,73a66885-79c6-4391-9376-327e77de840a,5,
20511,服,2c1c5643-cf54-403d-a2cf-595cf419442e,5,
20600,武器,3293d820-457b-4556-b98d-2136376513b0,3,
20600,武器,a25160eb-bd20-4610-a34a-ae801c04c73b,3,
20600,盾,8c1a975b-97a5-45f6-ac2b-7340c597e97c,3,
20600,盾,52df93f4-a35e-48af-9fe2-519620f7a8f9,3,
20600,頭,bfa382ce-1dbf-4779-bf97-12fb9cd6df3a,3,
20600,頭,e4152a05-061c-430c-8638-a2580998424f,3,
20600,頭,1efdf1fc-cae6-42d1-acc7-1d8f13a4685b,3,
20600,頭,5f1c9b7f-6782-498b-8b63-ab1b4d302a25,3,
20600,背,7a8ddd94-e516-48aa-b255-9b9ff44c1dbe,3,
20600,背,60138826-8987-4dfc-a31c-8d70311b3df5,3,
20600,背,552e5768-7ec6-48ba-811b-072896fe7cac,3,
20600,背,29b169b6-0c86-4bda-9f75-c7d4f69af803,3,
20600,服,164761ae-f5b1-44c9-a26d-f96ed5b8c585,3,
20600,服,41fd8c60-ed72-4ef3-a639-1d14e6e64b59,3,
20600,服,bb7442ad-27e4-4da5-81d8-0b699298adf5,3,
20600,服,df8e0b4a-9399-4b27-8269-f86cf67f6e17,3,
20600,靴,754bc912-a8af-4b77-8815-6b26a219ec64,3,
20600,靴,6af76b72-4c41-4a76-85e4-066cd2e9df33,3,
20600,靴,054583d2-cd73-4989-9633-4572870c6baa,3,
20600,靴,bf3abd8b-640c-480f-b339-e94d348059a7,3,
20600,手,6e2fe3b6-8e7b-4d62-91a1-f840962dd0dc,3,
20600,手,6dcd7a79-50b3-4c72-9dde-ff92ae7af140,3,
20600,手,af561434-8fc8-424f-ad62-1598f8cb17bb,3,
20600,手,de59385b-88c0-4208-95f8-0750657c16b8,3,
20600,首,07f9601a-b352-4736-b72b-8df77841e72e,3,
20600,首,ea50c9a8-309b-4cfa-b282-54325a41a0de,3,
20600,首,a94d80ef-1628-4233-a764-d3ce1060f3fe,3,
20600,首,215d8d76-4f35-424f-92fb-b500fbb18317,3,
20601,武器,3293d820-457b-4556-b98d-2136376513b0,5,
20601,武器,a25160eb-bd20-4610-a34a-ae801c04c73b,5,
20601,盾,8c1a975b-97a5-45f6-ac2b-7340c597e97c,5,
20601,盾,52df93f4-a35e-48af-9fe2-519620f7a8f9,5,
20601,頭,bfa382ce-1dbf-4779-bf97-12fb9cd6df3a,5,
20601,頭,e4152a05-061c-430c-8638-a2580998424f,5,
20601,頭,1efdf1fc-cae6-42d1-acc7-1d8f13a4685b,5,
20601,頭,5f1c9b7f-6782-498b-8b63-ab1b4d302a25,5,
20601,背,7a8ddd94-e516-48aa-b255-9b9ff44c1dbe,5,
20601,背,60138826-8987-4dfc-a31c-8d70311b3df5,5,
20601,背,552e5768-7ec6-48ba-811b-072896fe7cac,5,
20601,背,29b169b6-0c86-4bda-9f75-c7d4f69af803,5,
20601,服,164761ae-f5b1-44c9-a26d-f96ed5b8c585,5,
20601,服,41fd8c60-ed72-4ef3-a639-1d14e6e64b59,5,
20601,服,bb7442ad-27e4-4da5-81d8-0b699298adf5,5,
20601,服,df8e0b4a-9399-4b27-8269-f86cf67f6e17,5,
20601,靴,754bc912-a8af-4b77-8815-6b26a219ec64,5,
20601,靴,6af76b72-4c41-4a76-85e4-066cd2e9df33,5,
20601,靴,054583d2-cd73-4989-9633-4572870c6baa,5,
20601,靴,bf3abd8b-640c-480f-b339-e94d348059a7,5,
20601,手,6e2fe3b6-8e7b-4d62-91a1-f840962dd0dc,5,
20601,手,6dcd7a79-50b3-4c72-9dde-ff92ae7af140,5,
20601,手,af561434-8fc8-424f-ad62-1598f8cb17bb,5,
20601,手,de59385b-88c0-4208-95f8-0750657c16b8,5,
20601,首,07f9601a-b352-4736-b72b-8df77841e72e,5,
20601,首,ea50c9a8-309b-4cfa-b282-54325a41a0de,5,
20601,首,a94d80ef-1628-4233-a764-d3ce1060f3fe,5,
20601,首,215d8d76-4f35-424f-92fb-b500fbb18317,5,
20610,武器,8f6f2347-96c8-4939-830b-2a88c0aab0f4,3,
20610,武器,10e0099f-5f94-4dca-89b6-ca18644ea314,3,
20610,武器,cda71653-cda2-4948-95b2-743926934bf1,3,
20610,武器,404e8bd6-b8c3-4f69-acc4-08efb27a3d09,3,
20610,盾,9d24c1f3-8ce2-4b0a-ad3f-f72ff87d8daf,3,
20610,盾,08ba4585-b0a6-4399-83f5-bafb1084d4b1,3,
20610,盾,d8ba3492-ee02-47fb-aa0e-61905e94845d,3,
20610,盾,59f8c68b-602e-4a65-ba50-0a92179e06c7,3,
20610,頭,bbf8b689-8252-4d1a-a6e5-68ed4c2df674,3,
20610,頭,7761ead8-108f-4688-8e30-ef21998dc74b,3,
20610,頭,8e94d643-3e2a-48e7-999a-8c027f49b2fd,3,
20610,頭,4e72df87-9e84-43ba-89ae-7d805107be4b,3,
20610,頭,ac6351e5-b1ae-4307-8360-830628c69735,3,
20610,頭,38fbc28e-1894-486a-b43a-a5d2a1532473,3,
20610,頭,78c90d2b-a94d-41cd-9c06-0bfb0b703234,3,
20610,頭,c9429e4b-1647-4186-a725-76f18a1be199,3,
20610,背,779cdefe-ce01-49ae-91f4-b0285896b8e5,3,
20610,背,64ee8f99-6cee-4408-99b1-9abe6981cbf5,3,
20610,背,a463837f-daaa-4fc9-b157-457f05cd6e97,3,
20610,背,2a5ffb66-df9d-4523-9380-884124432e74,3,
20610,背,c912c916-0ffd-4e6a-b478-3995345d938d,3,
20610,背,38dc0c9e-8015-48f3-9abd-ee932fa1f608,3,
20610,背,0c4d34c2-40ab-4ec4-9f81-cea2c2a9891e,3,
20610,背,82bf4235-156a-4a5d-987f-11cd314e3068,3,
20610,服,0a26ea9e-d6bc-48c9-a4b1-b378ba987e5d,3,
20610,服,fd1b9df4-a582-4fa9-a8f1-a10093b9250d,3,
20610,服,3edb99ae-a420-4d66-af6d-6bed8bf8b977,3,
20610,服,d5fec04b-7ff8-4ca3-9b79-03b02854938b,3,
20610,服,80793d71-28a5-4931-9078-637588ab3139,3,
20610,服,22e6b376-a909-44aa-9b1d-c521b4bae477,3,
20610,服,9012bf1b-50dc-4295-a0a2-7e07bde461eb,3,
20610,服,3cfbff6d-5268-4a5c-adc8-77b611035154,3,
20610,靴,b754a8a5-a013-4179-8976-9eceaa40a7e2,3,
20610,靴,d8844bc2-6015-468a-8797-02e03860b25c,3,
20610,靴,9bf34aac-19e7-4dc7-832e-add8eb26317c,3,
20610,靴,6578eebf-9eb4-45f9-8c54-dc46e33062f1,3,
20610,靴,f4b809b9-e6be-4de2-8cfe-573f5e03994e,3,
20610,靴,1ba82789-f5da-4ced-a468-d2e15382bbe5,3,
20610,靴,d84fd0d0-b89f-4654-87dd-53c60d10574b,3,
20610,靴,a5501421-9731-4165-b73c-1d8826be7f31,3,
20610,手,4dba818b-810a-4020-a73e-dde366e61ea1,3,
20610,手,c641b11b-0195-493d-956c-9fcb67f792fb,3,
20610,手,d5ee7504-80bf-443b-b7e5-c8f14614bf7f,3,
20610,手,7688fb9e-fa05-4f83-8810-d7edcc31e329,3,
20610,手,1a633f79-fa6a-4dab-a3c5-124ede7bab0f,3,
20610,手,337ab360-9fa7-420f-adba-25c086cf24a2,3,
20610,手,98be1281-95f2-487c-9b1d-02320c8c32c8,3,
20610,手,301ad462-571d-4995-9265-6895d4ac0334,3,
20610,首,40cadafc-27b5-4e05-b6ca-94ecaf298e1e,3,
20610,首,2b797907-7805-4400-be36-f5918718cdd7,3,
20610,首,02c7ad03-e586-45b6-914d-4a37e6457e8e,3,
20610,首,356093ad-eda5-4d99-8375-1b81fd935740,3,
20610,首,1c43bf1e-b09e-4b28-a523-719bc9fc76d0,3,
20610,首,df071707-0bf1-4948-bbe1-1b880ee72c02,3,
20610,首,da7eff2f-a50d-496b-a264-9c695a19fad4,3,
20610,首,1129889c-9c19-4a6c-ace4-dcd1e8c25657,3,
20611,武器,8f6f2347-96c8-4939-830b-2a88c0aab0f4,5,
20611,武器,10e0099f-5f94-4dca-89b6-ca18644ea314,5,
20611,武器,cda71653-cda2-4948-95b2-743926934bf1,5,
20611,武器,404e8bd6-b8c3-4f69-acc4-08efb27a3d09,5,
20611,盾,9d24c1f3-8ce2-4b0a-ad3f-f72ff87d8daf,5,
20611,盾,08ba4585-b0a6-4399-83f5-bafb1084d4b1,5,
20611,盾,d8ba3492-ee02-47fb-aa0e-61905e94845d,5,
20611,盾,59f8c68b-602e-4a65-ba50-0a92179e06c7,5,
20611,頭,bbf8b689-8252-4d1a-a6e5-68ed4c2df674,5,
20611,頭,7761ead8-108f-4688-8e30-ef21998dc74b,5,
20611,頭,8e94d643-3e2a-48e7-999a-8c027f49b2fd,5,
20611,頭,4e72df87-9e84-43ba-89ae-7d805107be4b,5,
20611,頭,ac6351e5-b1ae-4307-8360-830628c69735,5,
20611,頭,38fbc28e-1894-486a-b43a-a5d2a1532473,5,
20611,頭,78c90d2b-a94d-41cd-9c06-0bfb0b703234,5,
20611,頭,c9429e4b-1647-4186-a725-76f18a1be199,5,
20611,背,779cdefe-ce01-49ae-91f4-b0285896b8e5,5,
20611,背,64ee8f99-6cee-4408-99b1-9abe6981cbf5,5,
20611,背,a463837f-daaa-4fc9-b157-457f05cd6e97,5,
20611,背,2a5ffb66-df9d-4523-9380-884124432e74,5,
20611,背,c912c916-0ffd-4e6a-b478-3995345d938d,5,
20611,背,38dc0c9e-8015-48f3-9abd-ee932fa1f608,5,
20611,背,0c4d34c2-40ab-4ec4-9f81-cea2c2a9891e,5,
20611,背,82bf4235-156a-4a5d-987f-11cd314e3068,5,
20611,服,0a26ea9e-d6bc-48c9-a4b1-b378ba987e5d,5,
20611,服,fd1b9df4-a582-4fa9-a8f1-a10093b9250d,5,
20611,服,3edb99ae-a420-4d66-af6d-6bed8bf8b977,5,
20611,服,d5fec04b-7ff8-4ca3-9b79-03b02854938b,5,
20611,服,80793d71-28a5-4931-9078-637588ab3139,5,
20611,服,22e6b376-a909-44aa-9b1d-c521b4bae477,5,
20611,服,9012bf1b-50dc-4295-a0a2-7e07bde461eb,5,
20611,服,3cfbff6d-5268-4a5c-adc8-77b611035154,5,
20611,靴,b754a8a5-a013-4179-8976-9eceaa40a7e2,5,
20611,靴,d8844bc2-6015-468a-8797-02e03860b25c,5,
20611,靴,9bf34aac-19e7-4dc7-832e-add8eb26317c,5,
20611,靴,6578eebf-9eb4-45f9-8c54-dc46e33062f1,5,
20611,靴,f4b809b9-e6be-4de2-8cfe-573f5e03994e,5,
20611,靴,1ba82789-f5da-4ced-a468-d2e15382bbe5,5,
20611,靴,d84fd0d0-b89f-4654-87dd-53c60d10574b,5,
20611,靴,a5501421-9731-4165-b73c-1d8826be7f31,5,
20611,手,4dba818b-810a-4020-a73e-dde366e61ea1,5,
20611,手,c641b11b-0195-493d-956c-9fcb67f792fb,5,
20611,手,d5ee7504-80bf-443b-b7e5-c8f14614bf7f,5,
20611,手,7688fb9e-fa05-4f83-8810-d7edcc31e329,5,
20611,手,1a633f79-fa6a-4dab-a3c5-124ede7bab0f,5,
20611,手,337ab360-9fa7-420f-adba-25c086cf24a2,5,
20611,手,98be1281-95f2-487c-9b1d-02320c8c32c8,5,
20611,手,301ad462-571d-4995-9265-6895d4ac0334,5,
20611,首,40cadafc-27b5-4e05-b6ca-94ecaf298e1e,5,
20611,首,2b797907-7805-4400-be36-f5918718cdd7,5,
20611,首,02c7ad03-e586-45b6-914d-4a37e6457e8e,5,
20611,首,356093ad-eda5-4d99-8375-1b81fd935740,5,
20611,首,1c43bf1e-b09e-4b28-a523-719bc9fc76d0,5,
20611,首,df071707-0bf1-4948-bbe1-1b880ee72c02,5,
20611,首,da7eff2f-a50d-496b-a264-9c695a19fad4,5,
20611,首,1129889c-9c19-4a6c-ace4-dcd1e8c25657,5,
20700,武器,ff952847-7b32-40d1-ac4b-3ed4fb742ebd,3,
20700,武器,b72efc80-61da-4978-80f5-23fdd7f98a9e,3,
20700,盾,86a4f137-7f26-44d2-bb00-653f353d441d,3,
20700,盾,e29d5ebc-29b4-4815-b0f7-1f460ae1a471,3,
20700,頭,43980ff7-07ad-4301-926a-b69655a98a50,3,
20700,頭,b630c7e5-7e5b-47fb-ab87-9465f9e6e673,3,
20700,頭,78d82c7e-6888-4dae-99c9-b51f34f26e9e,3,
20700,頭,7b7a33a8-710c-4c8b-b9d7-b76dd95bc5b5,3,
20700,背,cb628b71-eb56-4567-8acc-e7d2da472e02,3,
20700,背,ba7c2f59-5ec2-4271-982b-c146aff466df,3,
20700,背,4a8da2f6-19bd-4e11-b6fe-355b0b9b988d,3,
20700,背,b6af7038-fa31-4bb3-bc9e-526a946f25e8,3,
20700,服,a46470c6-1c10-4910-882c-332c2d250f6e,3,
20700,服,41605361-0536-475a-9778-c33c0cd3c9e8,3,
20700,服,db397ac5-82bf-4761-859f-69b861826e50,3,
20700,服,3219e948-91fc-4219-8067-0b03556cb967,3,
20700,靴,895bc35b-9080-4d4b-98f3-48668e5a715c,3,
20700,靴,227744fd-1495-40ac-aea7-ea19b6944009,3,
20700,靴,0899f679-e9b9-47ce-80ec-7d0f7ecbc679,3,
20700,靴,7fa3ceec-f1a3-469b-8a08-d9cc4b31659b,3,
20700,手,de0db71f-f178-4ab0-a6b5-63f758a1d77b,3,
20700,手,f1da3e93-c712-4ab4-a2dc-b17bdaf93fb5,3,
20700,手,113d106b-d3d0-4cab-a8fe-e966c33a2e3a,3,
20700,手,074c670b-9125-4824-908b-cff3c408ab15,3,
20700,首,8caa3be1-ed7e-4964-842b-47110bca26f3,3,
20700,首,3c16d85d-114f-4e2d-871b-c990b005112b,3,
20700,首,13d7f489-c2ac-4d48-8023-2dff40c08170,3,
20700,首,da6ab402-7d68-4287-8678-e95c88ff0416,3,
20701,武器,ff952847-7b32-40d1-ac4b-3ed4fb742ebd,5,
20701,武器,b72efc80-61da-4978-80f5-23fdd7f98a9e,5,
20701,盾,86a4f137-7f26-44d2-bb00-653f353d441d,5,
20701,盾,e29d5ebc-29b4-4815-b0f7-1f460ae1a471,5,
20701,頭,43980ff7-07ad-4301-926a-b69655a98a50,5,
20701,頭,b630c7e5-7e5b-47fb-ab87-9465f9e6e673,5,
20701,頭,78d82c7e-6888-4dae-99c9-b51f34f26e9e,5,
20701,頭,7b7a33a8-710c-4c8b-b9d7-b76dd95bc5b5,5,
20701,背,cb628b71-eb56-4567-8acc-e7d2da472e02,5,
20701,背,ba7c2f59-5ec2-4271-982b-c146aff466df,5,
20701,背,4a8da2f6-19bd-4e11-b6fe-355b0b9b988d,5,
20701,背,b6af7038-fa31-4bb3-bc9e-526a946f25e8,5,
20701,服,a46470c6-1c10-4910-882c-332c2d250f6e,5,
20701,服,41605361-0536-475a-9778-c33c0cd3c9e8,5,
20701,服,db397ac5-82bf-4761-859f-69b861826e50,5,
20701,服,3219e948-91fc-4219-8067-0b03556cb967,5,
20701,靴,895bc35b-9080-4d4b-98f3-48668e5a715c,5,
20701,靴,227744fd-1495-40ac-aea7-ea19b6944009,5,
20701,靴,0899f679-e9b9-47ce-80ec-7d0f7ecbc679,5,
20701,靴,7fa3ceec-f1a3-469b-8a08-d9cc4b31659b,5,
20701,手,de0db71f-f178-4ab0-a6b5-63f758a1d77b,5,
20701,手,f1da3e93-c712-4ab4-a2dc-b17bdaf93fb5,5,
20701,手,113d106b-d3d0-4cab-a8fe-e966c33a2e3a,5,
20701,手,074c670b-9125-4824-908b-cff3c408ab15,5,
20701,首,8caa3be1-ed7e-4964-842b-47110bca26f3,5,
20701,首,3c16d85d-114f-4e2d-871b-c990b005112b,5,
20701,首,13d7f489-c2ac-4d48-8023-2dff40c08170,5,
20701,首,da6ab402-7d68-4287-8678-e95c88ff0416,5,
20710,武器,b0456d82-8b1f-437a-a42c-1477dad2e2dc,3,
20710,武器,a85b8771-ff0e-4213-b548-cb5be7d0670f,3,
20710,武器,7c753d4a-5a71-4347-b96d-6fbb74e388d4,3,
20710,武器,c996ce23-bab6-494d-aa4e-68ce76d3fa4d,3,
20710,盾,66424b69-780e-46c1-b845-32a15e5a6615,3,
20710,盾,4f4481bd-dde2-4b61-aae7-964faf0d2970,3,
20710,盾,03e90829-9981-4182-8497-717500029b81,3,
20710,盾,bbf44af4-30c8-40f9-9913-30d52d2a0e75,3,
20710,頭,e353c73e-ca2e-4bd4-a751-5337dde598e0,3,
20710,頭,c1b280bb-3857-4178-9b30-caec33f327a6,3,
20710,頭,bbd747e9-45eb-4cc1-993a-e1a6ec48c898,3,
20710,頭,ff92a7a4-8f03-42f4-a249-c61de2639fc3,3,
20710,頭,fe9048ae-958e-4cf9-99c1-62a65379e421,3,
20710,頭,7e14d57a-fccb-4884-a323-d8eb2a988848,3,
20710,頭,7ad37812-55b7-4e8e-8b73-bf246dccaa54,3,
20710,頭,4e42e0ab-2914-4167-9525-3dc77898989e,3,
20710,背,9e348109-017a-451f-9095-7158d2dd6955,3,
20710,背,da473b61-f896-432f-ad7b-3e48936855b2,3,
20710,背,251d6e5a-3c07-4689-b9d8-aa0cea0be629,3,
20710,背,ddc0adef-dec3-4a87-9471-0c108b132327,3,
20710,背,3f47a097-5c96-4554-a4e3-7c6acc3ab61d,3,
20710,背,2c718c55-9d47-4c63-afea-0cf0dd686d86,3,
20710,背,685dadd1-3d1c-4dbb-9b67-fd1592cbe253,3,
20710,背,4128fdfe-351b-49b7-8921-883cf2db846b,3,
20710,服,3a70dc48-fccd-40c2-a688-f5420a1c004d,3,
20710,服,9a166954-a011-4bee-a9dd-bc85744ed6e7,3,
20710,服,2c6813bb-f74b-43a2-810f-c22b6065e250,3,
20710,服,50e1c6fc-03ac-4489-b10c-01bb1a4637bc,3,
20710,服,f2badf0a-e0e0-424c-8138-a255bb6acaf3,3,
20710,服,060cc26d-2e07-40d3-838c-009d0cc413b4,3,
20710,服,36dfc4c1-ef14-4aa6-999a-bd67b0d912cc,3,
20710,服,01e1c515-c1c6-43a1-8b98-83d08117b6ac,3,
20710,靴,2d82cbc3-acb0-4f82-8d62-030c6cc21560,3,
20710,靴,957ea715-ce41-4ceb-b672-8978f5222084,3,
20710,靴,bf729cd0-a022-4546-a345-073c613e60fc,3,
20710,靴,34389236-6bb9-459f-ae70-89b58b740dc2,3,
20710,靴,1018acb3-29e4-45ff-921b-c85d479f3afc,3,
20710,靴,3cfbf8ef-24b5-45cc-8281-8d85097be37a,3,
20710,靴,74058de6-aafc-4602-8cd2-762c8e4b47af,3,
20710,靴,ffb974cb-bf1d-480f-9dca-098c1f4ec12d,3,
20710,手,09b3830c-47d5-4145-949a-30fad82258ca,3,
20710,手,9a01a8db-43fd-4ae0-9083-e479fc410fe7,3,
20710,手,fd98b110-b5f2-47bb-adfe-cf0dad459461,3,
20710,手,f0079cd9-11c4-46bd-ad36-7d029aea3bfd,3,
20710,手,49e215cb-59c2-4a06-9b2a-7260f1e6f509,3,
20710,手,88d30363-6c6d-44d2-8371-ef42bbf127c1,3,
20710,手,90c5efd4-9057-4f02-9d26-100ed26c6081,3,
20710,手,2dc9389f-d9a3-4b61-a564-78325f0409df,3,
20710,首,16d0685d-7678-4be8-8392-fed93aa89286,3,
20710,首,12a6605e-3172-4b01-a787-98b0a7958aa9,3,
20710,首,7ea5f87e-c857-4b99-8e05-46f6b41f13c8,3,
20710,首,83949ac0-3d66-4206-bc5d-544ff2487b2b,3,
20710,首,6d7cdf4e-93d2-4495-b758-b9b0dc767af5,3,
20710,首,0abb93be-d010-43b6-96c0-daf6fee8f0a8,3,
20710,首,eedb7835-6c06-4b15-9488-a1c5f6aa3183,3,
20710,首,090ad358-ec1e-4ab8-9e5c-001d4b51b1bb,3,
20711,武器,b0456d82-8b1f-437a-a42c-1477dad2e2dc,5,
20711,武器,a85b8771-ff0e-4213-b548-cb5be7d0670f,5,
20711,武器,7c753d4a-5a71-4347-b96d-6fbb74e388d4,5,
20711,武器,c996ce23-bab6-494d-aa4e-68ce76d3fa4d,5,
20711,盾,66424b69-780e-46c1-b845-32a15e5a6615,5,
20711,盾,4f4481bd-dde2-4b61-aae7-964faf0d2970,5,
20711,盾,03e90829-9981-4182-8497-717500029b81,5,
20711,盾,bbf44af4-30c8-40f9-9913-30d52d2a0e75,5,
20711,頭,e353c73e-ca2e-4bd4-a751-5337dde598e0,5,
20711,頭,c1b280bb-3857-4178-9b30-caec33f327a6,5,
20711,頭,bbd747e9-45eb-4cc1-993a-e1a6ec48c898,5,
20711,頭,ff92a7a4-8f03-42f4-a249-c61de2639fc3,5,
20711,頭,fe9048ae-958e-4cf9-99c1-62a65379e421,5,
20711,頭,7e14d57a-fccb-4884-a323-d8eb2a988848,5,
20711,頭,7ad37812-55b7-4e8e-8b73-bf246dccaa54,5,
20711,頭,4e42e0ab-2914-4167-9525-3dc77898989e,5,
20711,背,9e348109-017a-451f-9095-7158d2dd6955,5,
20711,背,da473b61-f896-432f-ad7b-3e48936855b2,5,
20711,背,251d6e5a-3c07-4689-b9d8-aa0cea0be629,5,
20711,背,ddc0adef-dec3-4a87-9471-0c108b132327,5,
20711,背,3f47a097-5c96-4554-a4e3-7c6acc3ab61d,5,
20711,背,2c718c55-9d47-4c63-afea-0cf0dd686d86,5,
20711,背,685dadd1-3d1c-4dbb-9b67-fd1592cbe253,5,
20711,背,4128fdfe-351b-49b7-8921-883cf2db846b,5,
20711,服,3a70dc48-fccd-40c2-a688-f5420a1c004d,5,
20711,服,9a166954-a011-4bee-a9dd-bc85744ed6e7,5,
20711,服,2c6813bb-f74b-43a2-810f-c22b6065e250,5,
20711,服,50e1c6fc-03ac-4489-b10c-01bb1a4637bc,5,
20711,服,f2badf0a-e0e0-424c-8138-a255bb6acaf3,5,
20711,服,060cc26d-2e07-40d3-838c-009d0cc413b4,5,
20711,服,36dfc4c1-ef14-4aa6-999a-bd67b0d912cc,5,
20711,服,01e1c515-c1c6-43a1-8b98-83d08117b6ac,5,
20711,靴,2d82cbc3-acb0-4f82-8d62-030c6cc21560,5,
20711,靴,957ea715-ce41-4ceb-b672-8978f5222084,5,
20711,靴,bf729cd0-a022-4546-a345-073c613e60fc,5,
20711,靴,34389236-6bb9-459f-ae70-89b58b740dc2,5,
20711,靴,1018acb3-29e4-45ff-921b-c85d479f3afc,5,
20711,靴,3cfbf8ef-24b5-45cc-8281-8d85097be37a,5,
20711,靴,74058de6-aafc-4602-8cd2-762c8e4b47af,5,
20711,靴,ffb974cb-bf1d-480f-9dca-098c1f4ec12d,5,
20711,手,09b3830c-47d5-4145-949a-30fad82258ca,5,
20711,手,9a01a8db-43fd-4ae0-9083-e479fc410fe7,5,
20711,手,fd98b110-b5f2-47bb-adfe-cf0dad459461,5,
20711,手,f0079cd9-11c4-46bd-ad36-7d029aea3bfd,5,
20711,手,49e215cb-59c2-4a06-9b2a-7260f1e6f509,5,
20711,手,88d30363-6c6d-44d2-8371-ef42bbf127c1,5,
20711,手,90c5efd4-9057-4f02-9d26-100ed26c6081,5,
20711,手,2dc9389f-d9a3-4b61-a564-78325f0409df,5,
20711,首,16d0685d-7678-4be8-8392-fed93aa89286,5,
20711,首,12a6605e-3172-4b01-a787-98b0a7958aa9,5,
20711,首,7ea5f87e-c857-4b99-8e05-46f6b41f13c8,5,
20711,首,83949ac0-3d66-4206-bc5d-544ff2487b2b,5,
20711,首,6d7cdf4e-93d2-4495-b758-b9b0dc767af5,5,
20711,首,0abb93be-d010-43b6-96c0-daf6fee8f0a8,5,
20711,首,eedb7835-6c06-4b15-9488-a1c5f6aa3183,5,
20711,首,090ad358-ec1e-4ab8-9e5c-001d4b51b1bb,5,
20800,武器,ef0b8b98-a2bb-413a-a57f-ac0940b05d3f,3,
20800,武器,7c57c77f-8531-4c64-ac9b-003840494234,3,
20800,盾,1ee6af40-6f82-4b2e-bd61-f41f5d47fce2,3,
20800,盾,f312d159-0375-4073-bf42-7c331a3bd23e,3,
20800,頭,c724993d-823b-494d-8ea9-9bfc5a974edd,3,
20800,頭,41503faa-4195-4818-9e5c-a87d643d3585,3,
20800,頭,e78f4031-0499-4d4d-84af-3dc841111b83,3,
20800,頭,b5429c2b-46a4-43a7-8db6-a0535d749672,3,
20800,背,ebfe7993-31bc-4198-ad2f-b399da55f77b,3,
20800,背,882eb151-7616-4056-9d4d-931acd32dcb0,3,
20800,背,18953b7b-bcff-4cf4-953f-a8ff739632f8,3,
20800,背,6a8da352-1e8f-4ba8-bd0d-c68bd271fd4f,3,
20800,服,6e5e5118-2a09-40fd-93bb-7dcdcfbc75da,3,
20800,服,c7b19115-e940-4194-976f-e119dd234ae2,3,
20800,服,6a2f0031-d58f-47f4-aa84-53aecd946d93,3,
20800,服,8215402c-a185-4f6e-a0cd-e3c495ed1921,3,
20800,靴,ae1f7c8c-c526-4234-b407-a63baac66d5c,3,
20800,靴,d1a57c8e-d0fa-462c-8372-e0075b59d373,3,
20800,靴,6868d4b4-c4dd-434c-9a39-91a1f08f230c,3,
20800,靴,8dbb7f0f-300e-46af-a019-4808e2f74190,3,
20800,手,2d6aff91-2ee2-4aef-aa4c-413aa0847913,3,
20800,手,aff6faa0-a517-4115-bea2-d4f7b96dbe92,3,
20800,手,008c3f7f-4921-4a82-acfb-c0c7372a57c8,3,
20800,手,2dece607-b9a1-40ac-b199-558027a612c2,3,
20800,首,1a70ec1f-2f40-4dd2-b5f3-1335c4fb1c57,3,
20800,首,ad9db3c9-b7c5-48a5-a448-40cd2ce72fb1,3,
20800,首,9b08c854-5508-46ec-b345-597a55bd7c56,3,
20800,首,9a0172c1-b025-4573-bd74-4bb8e161696c,3,
20801,武器,ef0b8b98-a2bb-413a-a57f-ac0940b05d3f,5,
20801,武器,7c57c77f-8531-4c64-ac9b-003840494234,5,
20801,盾,1ee6af40-6f82-4b2e-bd61-f41f5d47fce2,5,
20801,盾,f312d159-0375-4073-bf42-7c331a3bd23e,5,
20801,頭,c724993d-823b-494d-8ea9-9bfc5a974edd,5,
20801,頭,41503faa-4195-4818-9e5c-a87d643d3585,5,
20801,頭,e78f4031-0499-4d4d-84af-3dc841111b83,5,
20801,頭,b5429c2b-46a4-43a7-8db6-a0535d749672,5,
20801,背,ebfe7993-31bc-4198-ad2f-b399da55f77b,5,
20801,背,882eb151-7616-4056-9d4d-931acd32dcb0,5,
20801,背,18953b7b-bcff-4cf4-953f-a8ff739632f8,5,
20801,背,6a8da352-1e8f-4ba8-bd0d-c68bd271fd4f,5,
20801,服,6e5e5118-2a09-40fd-93bb-7dcdcfbc75da,5,
20801,服,c7b19115-e940-4194-976f-e119dd234ae2,5,
20801,服,6a2f0031-d58f-47f4-aa84-53aecd946d93,5,
20801,服,8215402c-a185-4f6e-a0cd-e3c495ed1921,5,
20801,靴,ae1f7c8c-c526-4234-b407-a63baac66d5c,5,
20801,靴,d1a57c8e-d0fa-462c-8372-e0075b59d373,5,
20801,靴,6868d4b4-c4dd-434c-9a39-91a1f08f230c,5,
20801,靴,8dbb7f0f-300e-46af-a019-4808e2f74190,5,
20801,手,2d6aff91-2ee2-4aef-aa4c-413aa0847913,5,
20801,手,aff6faa0-a517-4115-bea2-d4f7b96dbe92,5,
20801,手,008c3f7f-4921-4a82-acfb-c0c7372a57c8,5,
20801,手,2dece607-b9a1-40ac-b199-558027a612c2,5,
20801,首,1a70ec1f-2f40-4dd2-b5f3-1335c4fb1c57,5,
20801,首,ad9db3c9-b7c5-48a5-a448-40cd2ce72fb1,5,
20801,首,9b08c854-5508-46ec-b345-597a55bd7c56,5,
20801,首,9a0172c1-b025-4573-bd74-4bb8e161696c,5,
20810,武器,b32f744a-eb88-4628-83a8-8b46c9eba802,3,
20810,武器,bbbbab96-8437-4ed3-8f06-6b6cd709a141,3,
20810,武器,72b33e8d-0566-4ca0-84fe-06369221c315,3,
20810,武器,6ece8ad7-b6c7-4d24-ae7c-212f599514da,3,
20810,盾,fc8f518a-6cb2-4235-9e63-530d9fc563be,3,
20810,盾,f0a9ddc9-11fa-46c3-a650-69078bb88929,3,
20810,盾,d2f66f98-243f-4bf0-be3b-b2ed6fca4490,3,
20810,盾,f8ec6852-4491-4b8e-9d37-6d7923d44ddb,3,
20810,頭,2f86f672-c154-424f-a95d-45e84a524a7a,3,
20810,頭,03dd85c2-3fff-41b4-adc8-3f2d2fa0b5d4,3,
20810,頭,428f50ad-3043-4de7-802d-c608744ef48f,3,
20810,頭,41a7c916-d697-4925-addf-4602040824ca,3,
20810,頭,d5e2a2de-d566-43af-a12f-c754e3fad8de,3,
20810,頭,e68ece75-6a14-417a-8f76-0d13a3fcce18,3,
20810,頭,578bf729-3558-4a67-97bb-bf62472ca21f,3,
20810,頭,12e965bb-0d07-4172-a75f-8202e2ee689f,3,
20810,背,faccd370-120f-425e-aa23-c7c910ffed64,3,
20810,背,bbdc3a23-0ce5-4236-a2a0-d58875242c41,3,
20810,背,0914d9cb-74a9-4871-9f72-13671ac2c86b,3,
20810,背,cb28adc0-b1dc-4d81-b325-aff7aa1f924d,3,
20810,背,dc18a57d-8057-4e13-a2e6-8ca23b1794b5,3,
20810,背,7e6b53c7-3f3d-46f8-b73a-77f16073d05d,3,
20810,背,f753549e-a090-47f2-b9ed-6b7f43792a65,3,
20810,背,0c525195-2a1a-4121-b37b-1fe6485604bc,3,
20810,服,4710f8e7-321f-48d2-86a9-c92989bd70ff,3,
20810,服,af02e051-b1a9-4754-bf81-cb51b8bf2189,3,
20810,服,7cfb47d3-709b-4220-92c0-ae7a8bb924f8,3,
20810,服,6837963c-cf1e-4fce-b5fa-620b44b48a28,3,
20810,服,63f7d5c5-2b2b-40f5-b0c6-7d598ba84598,3,
20810,服,6f883fd8-9efd-4d7c-afe1-11255e535e5b,3,
20810,服,b33aa176-81c8-45f6-98f1-1b0b3c6e0424,3,
20810,服,f638af15-0cb3-4b0f-abee-d545c1dd1df6,3,
20810,靴,36bba837-5ed1-4441-89ba-79c401ea867c,3,
20810,靴,164e0290-fd0e-4830-bf4f-e7aa8f5e31a5,3,
20810,靴,9bb5c8f0-4d62-4f0d-bac6-25a09224ea04,3,
20810,靴,364dbc3b-c721-4a98-b598-7a141ac5c4eb,3,
20810,靴,4c7a418d-644e-4219-a52d-fcc188104deb,3,
20810,靴,3f32494e-75cd-426b-95d2-3e5160295dce,3,
20810,靴,044d811d-8c66-4b6e-b6f5-1c74f7ad8397,3,
20810,靴,3621e33e-59c8-4e47-9eb2-db79af7393e7,3,
20810,手,d0e5e8ca-757c-4f60-ad8b-93e4f10db65e,3,
20810,手,4a9905de-a04e-4e61-80ab-a4915e569139,3,
20810,手,341dfd34-cc71-41e1-8d34-da1611467a63,3,
20810,手,fa794969-1bf5-4265-bef9-c6672d75f007,3,
20810,手,8f2b2e2d-fffe-4633-8c85-2c8bd417523f,3,
20810,手,14832a49-e68c-45ae-8d4a-865ddaed64ed,3,
20810,手,b9fe4f7a-1d02-4539-a372-805cdfb72e90,3,
20810,手,62a1100f-d38b-4e5c-ba85-211aeac020ee,3,
20810,首,5342a4d7-88eb-468a-b57d-b12dc0a7d894,3,
20810,首,9db24279-2561-47ec-8ed2-1d5a6b1ba1d9,3,
20810,首,0ef98b3e-9608-42c0-bd77-a8cc02a23997,3,
20810,首,2c1c410c-f27a-4d18-9db0-d94ff97e4289,3,
20810,首,ccc6aa58-872b-4328-b909-c731f7d9336c,3,
20810,首,32ae6994-5a33-49fc-9220-09588bf13cbe,3,
20810,首,e2debdc4-69b1-46fe-837b-ee6e7b3edab0,3,
20810,首,ec710a9c-797f-415c-acfb-cd1be8e1f51a,3,
20811,武器,b32f744a-eb88-4628-83a8-8b46c9eba802,5,
20811,武器,bbbbab96-8437-4ed3-8f06-6b6cd709a141,5,
20811,武器,72b33e8d-0566-4ca0-84fe-06369221c315,5,
20811,武器,6ece8ad7-b6c7-4d24-ae7c-212f599514da,5,
20811,盾,fc8f518a-6cb2-4235-9e63-530d9fc563be,5,
20811,盾,f0a9ddc9-11fa-46c3-a650-69078bb88929,5,
20811,盾,d2f66f98-243f-4bf0-be3b-b2ed6fca4490,5,
20811,盾,f8ec6852-4491-4b8e-9d37-6d7923d44ddb,5,
20811,頭,2f86f672-c154-424f-a95d-45e84a524a7a,5,
20811,頭,03dd85c2-3fff-41b4-adc8-3f2d2fa0b5d4,5,
20811,頭,428f50ad-3043-4de7-802d-c608744ef48f,5,
20811,頭,41a7c916-d697-4925-addf-4602040824ca,5,
20811,頭,d5e2a2de-d566-43af-a12f-c754e3fad8de,5,
20811,頭,e68ece75-6a14-417a-8f76-0d13a3fcce18,5,
20811,頭,578bf729-3558-4a67-97bb-bf62472ca21f,5,
20811,頭,12e965bb-0d07-4172-a75f-8202e2ee689f,5,
20811,背,faccd370-120f-425e-aa23-c7c910ffed64,5,
20811,背,bbdc3a23-0ce5-4236-a2a0-d58875242c41,5,
20811,背,0914d9cb-74a9-4871-9f72-13671ac2c86b,5,
20811,背,cb28adc0-b1dc-4d81-b325-aff7aa1f924d,5,
20811,背,dc18a57d-8057-4e13-a2e6-8ca23b1794b5,5,
20811,背,7e6b53c7-3f3d-46f8-b73a-77f16073d05d,5,
20811,背,f753549e-a090-47f2-b9ed-6b7f43792a65,5,
20811,背,0c525195-2a1a-4121-b37b-1fe6485604bc,5,
20811,服,4710f8e7-321f-48d2-86a9-c92989bd70ff,5,
20811,服,af02e051-b1a9-4754-bf81-cb51b8bf2189,5,
20811,服,7cfb47d3-709b-4220-92c0-ae7a8bb924f8,5,
20811,服,6837963c-cf1e-4fce-b5fa-620b44b48a28,5,
20811,服,63f7d5c5-2b2b-40f5-b0c6-7d598ba84598,5,
20811,服,6f883fd8-9efd-4d7c-afe1-11255e535e5b,5,
20811,服,b33aa176-81c8-45f6-98f1-1b0b3c6e0424,5,
20811,服,f638af15-0cb3-4b0f-abee-d545c1dd1df6,5,
20811,靴,36bba837-5ed1-4441-89ba-79c401ea867c,5,
20811,靴,164e0290-fd0e-4830-bf4f-e7aa8f5e31a5,5,
20811,靴,9bb5c8f0-4d62-4f0d-bac6-25a09224ea04,5,
20811,靴,364dbc3b-c721-4a98-b598-7a141ac5c4eb,5,
20811,靴,4c7a418d-644e-4219-a52d-fcc188104deb,5,
20811,靴,3f32494e-75cd-426b-95d2-3e5160295dce,5,
20811,靴,044d811d-8c66-4b6e-b6f5-1c74f7ad8397,5,
20811,靴,3621e33e-59c8-4e47-9eb2-db79af7393e7,5,
20811,手,d0e5e8ca-757c-4f60-ad8b-93e4f10db65e,5,
20811,手,4a9905de-a04e-4e61-80ab-a4915e569139,5,
20811,手,341dfd34-cc71-41e1-8d34-da1611467a63,5,
20811,手,fa794969-1bf5-4265-bef9-c6672d75f007,5,
20811,手,8f2b2e2d-fffe-4633-8c85-2c8bd417523f,5,
20811,手,14832a49-e68c-45ae-8d4a-865ddaed64ed,5,
20811,手,b9fe4f7a-1d02-4539-a372-805cdfb72e90,5,
20811,手,62a1100f-d38b-4e5c-ba85-211aeac020ee,5,
20811,首,5342a4d7-88eb-468a-b57d-b12dc0a7d894,5,
20811,首,9db24279-2561-47ec-8ed2-1d5a6b1ba1d9,5,
20811,首,0ef98b3e-9608-42c0-bd77-a8cc02a23997,5,
20811,首,2c1c410c-f27a-4d18-9db0-d94ff97e4289,5,
20811,首,ccc6aa58-872b-4328-b909-c731f7d9336c,5,
20811,首,32ae6994-5a33-49fc-9220-09588bf13cbe,5,
20811,首,e2debdc4-69b1-46fe-837b-ee6e7b3edab0,5,
20811,首,ec710a9c-797f-415c-acfb-cd1be8e1f51a,5,
30000,武器,1442394c-c36d-475b-a277-749ae49fc540,4,
30000,盾,688f143d-d37f-4ce6-811f-02531fe0ed53,4,
30000,頭,6fa0ae8f-a4fd-48e9-bda2-3bdf1177c8b2,4,
30000,服,328c83ec-7801-4d8b-9195-302db4daafd2,4,
30000,背,1d8e08c7-abc1-4e0f-a26a-df0ed630ee46,4,
30000,手,d6121373-349a-4b07-8422-fa45d3cc718d,4,
30000,靴,71024716-afff-436c-9db6-2c7e3a8c4d1e,4,
30000,首,e5355c1a-df60-4954-ae90-374bd0b5cd25,4,
30001,武器,1442394c-c36d-475b-a277-749ae49fc540,8,
30001,盾,688f143d-d37f-4ce6-811f-02531fe0ed53,8,
30001,頭,6fa0ae8f-a4fd-48e9-bda2-3bdf1177c8b2,8,
30001,服,328c83ec-7801-4d8b-9195-302db4daafd2,8,
30001,背,1d8e08c7-abc1-4e0f-a26a-df0ed630ee46,8,
30001,手,d6121373-349a-4b07-8422-fa45d3cc718d,8,
30001,靴,71024716-afff-436c-9db6-2c7e3a8c4d1e,8,
30001,首,e5355c1a-df60-4954-ae90-374bd0b5cd25,8,
30010,武器,4c799255-6f30-4fcf-915a-d1df5a666a76,4,
30010,盾,a748ca21-f8d0-41d2-b90d-424cbaeea72b,4,
30010,頭,8509073e-5a3a-4cf2-a9b4-456c71d77209,4,
30010,服,7ec8a175-6fa7-4724-945e-16d644de976e,4,
30010,背,74692689-b11a-4b68-935f-ae693e29bbee,4,
30010,手,c08a8f53-0efb-4a8e-820c-d66be1dbf077,4,
30010,靴,3ec8b4f7-3456-4d1f-86c4-2ab0a3c48a49,4,
30010,首,04d784ba-e525-4df6-9f5d-27f1a7bd2bcf,4,
30011,武器,4c799255-6f30-4fcf-915a-d1df5a666a76,8,
30011,盾,a748ca21-f8d0-41d2-b90d-424cbaeea72b,8,
30011,頭,8509073e-5a3a-4cf2-a9b4-456c71d77209,8,
30011,服,7ec8a175-6fa7-4724-945e-16d644de976e,8,
30011,背,74692689-b11a-4b68-935f-ae693e29bbee,8,
30011,手,c08a8f53-0efb-4a8e-820c-d66be1dbf077,8,
30011,靴,3ec8b4f7-3456-4d1f-86c4-2ab0a3c48a49,8,
30011,首,04d784ba-e525-4df6-9f5d-27f1a7bd2bcf,8,
30100,武器,e806bafa-23bf-4637-ab08-c9b1f4c00b9f,4,
30100,盾,35fe71dd-c7d8-4092-bc25-b4bbdaa83d0f,4,
30100,頭,ad28800a-aa4b-4606-89c1-fbf1b87c581f,4,
30100,服,8322c6b5-e167-455c-86ce-61f05bb466dd,4,
30100,背,06a3dd35-62a4-4d00-853a-93907c20ff5c,4,
30100,手,30c4d94b-b210-4344-b2f3-600e18af539d,4,
30100,靴,d65e350d-ffee-4788-a0e0-c1a990514278,4,
30100,首,d1e7f8f5-d272-4c85-a14c-dfa65f8b497a,4,
30101,武器,e806bafa-23bf-4637-ab08-c9b1f4c00b9f,8,
30101,盾,35fe71dd-c7d8-4092-bc25-b4bbdaa83d0f,8,
30101,頭,ad28800a-aa4b-4606-89c1-fbf1b87c581f,8,
30101,服,8322c6b5-e167-455c-86ce-61f05bb466dd,8,
30101,背,06a3dd35-62a4-4d00-853a-93907c20ff5c,8,
30101,手,30c4d94b-b210-4344-b2f3-600e18af539d,8,
30101,靴,d65e350d-ffee-4788-a0e0-c1a990514278,8,
30101,首,d1e7f8f5-d272-4c85-a14c-dfa65f8b497a,8,
30110,武器,daa6efbe-9dc5-4347-96a1-1b59eea61fe0,4,
30110,盾,43b8e575-19b1-4527-b568-37170b495d6c,4,
30110,頭,9c821f34-7a90-4385-a445-4a3569eb940b,4,
30110,服,55c02022-c531-4725-a489-c8952ba93acd,4,
30110,背,bf888b59-0f79-448a-8b98-d7b9434e87a0,4,
30110,手,8c10bb80-8b50-4337-9dc6-e887bbf9c6d5,4,
30110,靴,d27253ec-70a0-4c4b-9a13-274089dcf15c,4,
30110,首,62caa512-7468-4034-8dfc-ce5484a1449d,4,
30111,武器,daa6efbe-9dc5-4347-96a1-1b59eea61fe0,8,
30111,盾,43b8e575-19b1-4527-b568-37170b495d6c,8,
30111,頭,9c821f34-7a90-4385-a445-4a3569eb940b,8,
30111,服,55c02022-c531-4725-a489-c8952ba93acd,8,
30111,背,bf888b59-0f79-448a-8b98-d7b9434e87a0,8,
30111,手,8c10bb80-8b50-4337-9dc6-e887bbf9c6d5,8,
30111,靴,d27253ec-70a0-4c4b-9a13-274089dcf15c,8,
30111,首,62caa512-7468-4034-8dfc-ce5484a1449d,8,
30200,武器,b38b5ec8-3a89-4a14-9d9c-19583e025860,2,○
30200,盾,fff41254-04bd-41ae-adc1-bccc4354f3ae,2,○
30201,頭,d7baf604-e55b-484b-8dcc-99e84a7bbbd3,2,○
30201,背,8f0d1996-f3dc-4c46-94cd-411278a70a8f,2,○
30202,靴,866dce94-801b-44df-8138-b7e764b96d90,2,○
30202,手,3c3fdb48-49f9-4f81-a162-6e3f1a312a4b,2,○
30203,首,348b7480-72d5-467a-8bf9-e72057a2b03b,2,○
30203,服,5aabbf1a-2904-48a2-ba7a-12b45c31f72b,2,○
40002,武器,d6674063-dd59-4ecb-82a0-1aa1e65e2e6e,2,
40002,首,b25a1768-fbe4-4ad7-95c4-409020a373f3,2,
40002,背,8b59a323-72ba-4e7f-8066-143701ce6ec7,2,
40002,服,7e5c2a88-3395-4ede-8ef6-962f928aed43,2,
40002,盾,c47e18af-6144-4563-ad4a-c4ad35ffd52e,2,
40003,武器,d6674063-dd59-4ecb-82a0-1aa1e65e2e6e,5,
40003,首,b25a1768-fbe4-4ad7-95c4-409020a373f3,5,
40003,背,8b59a323-72ba-4e7f-8066-143701ce6ec7,5,
40003,服,7e5c2a88-3395-4ede-8ef6-962f928aed43,5,
40003,盾,c47e18af-6144-4563-ad4a-c4ad35ffd52e,5,
40004,武器,6eed72ca-9cc2-41cb-b792-ee6931d8c87f,2,
40004,首,7e998f87-9195-402e-8852-22f797af98fe,2,
40004,背,9cd4d808-2e1a-4e3e-8da3-60f2fd6fef7b,2,
40004,服,b2b75634-d251-41f8-b640-61323fbe7cd6,2,
40004,盾,08e0fdf2-7550-4238-8f08-4b33c580adcd,2,
40005,武器,6eed72ca-9cc2-41cb-b792-ee6931d8c87f,5,
40005,首,7e998f87-9195-402e-8852-22f797af98fe,5,
40005,背,9cd4d808-2e1a-4e3e-8da3-60f2fd6fef7b,5,
40005,服,b2b75634-d251-41f8-b640-61323fbe7cd6,5,
40005,盾,08e0fdf2-7550-4238-8f08-4b33c580adcd,5,
40000,武器,1ee29724-fe53-4e05-aaab-da9fde485220,2,
40000,首,356ac325-e009-471c-917b-2810e25cc3e2,2,
40000,背,bc0c0aec-9427-4239-8c0f-77053febe545,2,
40000,服,60df7d43-3bd5-4f9e-826e-207beb269797,2,
40000,盾,5ac7ae85-e5e1-4b12-884f-a53ff2b377a7,2,
40001,武器,1ee29724-fe53-4e05-aaab-da9fde485220,5,
40001,首,356ac325-e009-471c-917b-2810e25cc3e2,5,
40001,背,bc0c0aec-9427-4239-8c0f-77053febe545,5,
40001,服,60df7d43-3bd5-4f9e-826e-207beb269797,5,
40001,盾,5ac7ae85-e5e1-4b12-884f-a53ff2b377a7,5,
40006,武器,9f975a40-4637-4d32-aa7e-197f3fe59356,2,
40006,首,ea61ab0d-e759-4480-bc22-4801e5b4f6da,2,
40006,背,514c7d50-4f22-48bd-a46c-ecc36b12adb9,2,
40006,服,5d9a9651-2f8b-47f8-b020-45d945c49784,2,
40006,盾,aec4dcdb-05ad-44a7-8d27-fac343e89177,2,
40007,武器,9f975a40-4637-4d32-aa7e-197f3fe59356,5,
40007,首,ea61ab0d-e759-4480-bc22-4801e5b4f6da,5,
40007,背,514c7d50-4f22-48bd-a46c-ecc36b12adb9,5,
40007,服,5d9a9651-2f8b-47f8-b020-45d945c49784,5,
40007,盾,aec4dcdb-05ad-44a7-8d27-fac343e89177,5,
40008,武器,4dea371d-3ffd-498a-97d4-19808b366a73,2,
40008,首,6693a9ae-508a-4387-8fcf-a19630b85f16,2,
40008,背,de7ac52a-88db-4c60-887f-1828c92ae41c,2,
40008,服,3d41a96b-592e-467a-a44a-4d6cd21a964b,2,
40008,盾,f1cab124-e68e-4eb5-ba0d-556aa17c5bf4,2,
40009,武器,4dea371d-3ffd-498a-97d4-19808b366a73,5,
40009,首,6693a9ae-508a-4387-8fcf-a19630b85f16,5,
40009,背,de7ac52a-88db-4c60-887f-1828c92ae41c,5,
40009,服,3d41a96b-592e-467a-a44a-4d6cd21a964b,5,
40009,盾,f1cab124-e68e-4eb5-ba0d-556aa17c5bf4,5,
50000,盾,1279e7e8-44ef-45f9-841b-dcc288dcd471,3,
50000,頭,901447a6-e1f9-44c9-987c-b41d9f6b395c,3,
50000,背,3c1e6b86-964b-4bdc-85bf-1265b7dd32a8,3,
50000,服,d69542fa-6714-4531-a7dc-d04a6069338a,3,
50000,手,8c40a70c-392b-4e99-9b47-d8bf0603a18e,3,
50000,,73f5eba9-766a-4f86-9108-26eb72faa857,3,
50000,武器,3e23a722-f4c1-4f4f-9f02-6feb98710ef8,3,
50000,首,aabb6d1b-93a4-4912-b4d0-0cc8ad4c17da,3,
50001,盾,1279e7e8-44ef-45f9-841b-dcc288dcd471,5,
50001,頭,901447a6-e1f9-44c9-987c-b41d9f6b395c,5,
50001,背,3c1e6b86-964b-4bdc-85bf-1265b7dd32a8,5,
50001,服,d69542fa-6714-4531-a7dc-d04a6069338a,5,
50001,手,8c40a70c-392b-4e99-9b47-d8bf0603a18e,5,
50001,,73f5eba9-766a-4f86-9108-26eb72faa857,5,
50001,武器,3e23a722-f4c1-4f4f-9f02-6feb98710ef8,5,
50001,首,aabb6d1b-93a4-4912-b4d0-0cc8ad4c17da,5,
50002,盾,1279e7e8-44ef-45f9-841b-dcc288dcd471,7,
50002,頭,901447a6-e1f9-44c9-987c-b41d9f6b395c,7,
50002,背,3c1e6b86-964b-4bdc-85bf-1265b7dd32a8,7,
50002,服,d69542fa-6714-4531-a7dc-d04a6069338a,7,
50002,手,8c40a70c-392b-4e99-9b47-d8bf0603a18e,7,
50002,,73f5eba9-766a-4f86-9108-26eb72faa857,7,
50002,武器,3e23a722-f4c1-4f4f-9f02-6feb98710ef8,7,
50002,首,aabb6d1b-93a4-4912-b4d0-0cc8ad4c17da,7,
50003,武器,3e23a722-f4c1-4f4f-9f02-6feb98710ef8,2,○
50003,首,aabb6d1b-93a4-4912-b4d0-0cc8ad4c17da,2,○
60001,武器,a61f1320-6d4e-40f4-bb31-ccf68dcb7e60,2,○
60001,盾,0c1602d3-ff21-4282-af60-1d0acec07019,2,○
60002,背,237eb937-d2db-49d9-9ffc-b9dfa3ab5376,2,○
60002,首,cbd7b428-bd42-40f6-a5ed-40516265cbcf,2,○
60003,,7192dae8-b219-420d-be0a-870d9a43c16f,2,○
60003,,47afcb59-92ad-457c-892f-5c0ee1137294,2,○
60004,頭,e06c2528-2ff8-4102-b981-2716b70800c0,2,○
60004,服,16ca83f1-065c-4739-bc04-cdd01ec5a71b,2,○
70001,武器,83270c5d-0e6f-4484-be7c-f35cc7aaad17,2,○
70001,盾,8c854fa2-7133-48a2-808b-3aa6e2086387,2,○
70002,背,d5803194-da46-41b2-a4d1-0d22dc5f65ce,2,○
70002,首,0be391e0-05e4-4d3f-8806-d3b840f07227,2,○
70003,,d92ba8ef-e08a-4bcb-8285-21c93c869f38,2,○
70003,,059ba43b-4b22-4ee9-b67d-a861439b9cf7,2,○
70004,頭,8d3e8fb3-29e7-4a54-ad0f-39ebeab04727,2,○
70004,服,f9d6dffa-3818-41be-b99b-32ce765b7f73,2,○
